Case,gate lenght,Theta,Phi,dt,combination,total time,computing time
case2,4,0.602840279,4.944722327,3,"[3, 2, 2, 4]",12,1.531173468
case3,13,1.453271426,3.579794719,3,"[4, 1, 1, 3, 3, 2, 4, 4, 1, 1, 3, 3, 2]",39,19.61584973
case4,8,0.930036795,2.193507314,3,"[3, 2, 2, 4, 4, 1, 3, 3]",24,7.804427624
case5,10,0.953826619,4.125023569,3,"[3, 2, 2, 4, 4, 1, 3, 3, 2, 0]",30,17.43573141
case6,28,2.944684136,0.473978789,3,"[1, 3, 3, 2, 2, 4, 1, 1, 3, 3, 2, 2, 4, 1, 1, 3, 3, 2, 2, 4, 1, 1, 3, 3, 2, 2, 4, 1]",84,100.1955898
case7,7,0.71227923,5.56563304,3,"[1, 3, 3, 2, 2, 4, 4]",21,7.674611568
case8,24,2.480697839,0.921791798,3,"[4, 1, 1, 3, 3, 2, 4, 4, 1, 1, 3, 3, 2, 4, 4, 1, 1, 3, 3, 2, 4, 4, 1, 1]",72,119.2036214
case9,28,3.046598086,6.180844897,3,"[1, 3, 3, 2, 2, 4, 1, 1, 3, 3, 2, 2, 4, 1, 1, 3, 3, 2, 2, 4, 1, 1, 3, 3, 2, 2, 4, 1]",84,100.6312597
case10,15,1.640223018,3.645267964,3,"[2, 4, 4, 1, 1, 3, 2, 2, 4, 4, 1, 1, 3, 2, 2]",45,26.11662102
case11,27,2.973043627,3.924646874,3,"[4, 1, 1, 3, 3, 2, 4, 4, 1, 1, 3, 3, 2, 4, 4, 1, 1, 3, 3, 2, 4, 4, 1, 1, 3, 3, 2]",81,101.8143415
case12,9,1.064673795,1.394444325,3,"[1, 3, 3, 2, 2, 4, 1, 1, 1]",27,15.47754216
case13,19,2.11268691,4.373087753,3,"[1, 3, 3, 2, 2, 4, 1, 1, 3, 3, 2, 2, 4, 1, 1, 3, 3, 2, 2]",57,49.9792819
case14,11,1.253414968,3.336693372,3,"[1, 3, 3, 2, 2, 4, 1, 1, 3, 3, 2]",33,16.21420145
case15,3,0.414448922,2.798884111,3,"[1, 3, 3]",9,0.537128687
case16,24,2.522050245,5.488410646,3,"[2, 4, 4, 1, 1, 3, 2, 2, 4, 4, 1, 1, 3, 2, 2, 4, 4, 1, 1, 3, 2, 2, 4, 4]",72,85.23523736
case17,18,1.793361849,1.849567195,3,"[4, 1, 1, 3, 3, 2, 4, 4, 1, 1, 3, 3, 2, 4, 4, 1, 0, 3]",54,113.2733397
case18,13,1.15628298,3.689343023,3,"[4, 1, 1, 3, 3, 2, 4, 4, 1, 1, 3, 0, 0]",39,85.00708842
case19,7,0.893582139,4.452482288,3,"[4, 1, 1, 3, 3, 2, 4]",21,5.536120653
case20,23,2.345100468,1.631408136,3,"[1, 3, 3, 2, 2, 4, 1, 1, 3, 3, 2, 2, 4, 1, 1, 3, 3, 2, 2, 4, 1, 3, 3]",69,171.4722626
case21,13,1.320780801,5.61454418,3,"[1, 3, 3, 2, 4, 1, 1, 3, 3, 2, 2, 4, 4]",39,51.555264
case22,5,0.520421491,1.176253587,3,"[2, 4, 4, 1, 1]",15,3.070408821
case23,10,1.069094469,2.78350713,3,"[1, 3, 3, 2, 2, 4, 1, 1, 3, 2]",30,18.78205323
case24,23,2.375494304,1.829916312,3,"[1, 3, 3, 2, 2, 4, 1, 1, 3, 3, 2, 2, 4, 1, 1, 3, 3, 2, 2, 4, 1, 1, 1]",69,113.3918643
case25,3,0.468867437,5.330405304,3,"[2, 4, 4]",9,0.528267145
case26,15,1.763866749,3.837897316,3,"[2, 4, 4, 1, 1, 3, 2, 2, 4, 4, 1, 1, 3, 2, 2]",45,27.03238249
case27,27,2.724813982,5.612604131,3,"[1, 3, 3, 2, 2, 4, 1, 1, 3, 3, 2, 2, 4, 1, 1, 3, 3, 2, 2, 4, 1, 1, 3, 3, 2, 2, 0]",81,273.6724298
case28,23,2.324938114,2.200241852,3,"[1, 3, 3, 2, 4, 1, 1, 3, 3, 2, 2, 4, 4, 1, 3, 3, 2, 2, 4, 4, 1, 3, 3]",69,220.4592159
case29,22,2.455812092,5.277683364,3,"[4, 1, 1, 3, 3, 2, 4, 4, 1, 1, 3, 3, 2, 4, 4, 1, 1, 3, 3, 2, 4, 4]",66,65.83552933
case30,12,1.411335364,1.185004079,3,"[2, 4, 4, 1, 1, 3, 2, 2, 4, 4, 1, 1]",36,15.12778044
case31,27,2.975900394,5.829201649,3,"[1, 3, 3, 2, 2, 4, 1, 1, 3, 3, 2, 2, 4, 1, 1, 3, 3, 2, 2, 4, 1, 1, 3, 3, 2, 2, 4]",81,96.65463996
case32,3,0.515518562,3.919149088,3,"[3, 2, 2]",9,0.538085461
case33,26,2.752727447,4.722189196,3,"[1, 3, 3, 2, 2, 4, 1, 1, 3, 3, 2, 2, 4, 1, 1, 3, 3, 2, 2, 4, 1, 1, 3, 3, 2, 2]",78,94.89794421
case34,12,1.393302309,2.740425043,3,"[4, 1, 1, 3, 3, 2, 4, 4, 1, 1, 3, 3]",36,17.15895486
case35,27,2.873517872,3.576073951,3,"[4, 1, 1, 3, 3, 2, 4, 4, 1, 1, 3, 3, 2, 4, 4, 1, 1, 3, 3, 2, 4, 4, 1, 1, 3, 3, 2]",81,114.3771956
case36,25,2.529277048,2.949238527,3,"[1, 3, 3, 2, 2, 4, 1, 1, 3, 3, 2, 2, 4, 1, 1, 3, 3, 2, 2, 4, 1, 1, 3, 2, 2]",75,314.9008334
case37,7,0.89416745,4.556235804,3,"[4, 1, 1, 3, 3, 2, 4]",21,5.331968784
case38,14,1.572837916,4.376260095,3,"[4, 1, 1, 3, 3, 2, 4, 4, 1, 1, 3, 3, 2, 4]",42,22.51615977
case39,14,1.597833586,6.107365265,3,"[1, 3, 3, 2, 2, 4, 1, 1, 3, 3, 2, 2, 4, 1]",42,22.74397016
case40,6,0.765372576,4.947618935,3,"[1, 3, 3, 2, 2, 4]",18,3.12732172
case41,8,0.954028585,0.515914968,3,"[1, 3, 3, 2, 2, 4, 1, 1]",24,6.641261578
case42,19,1.554281412,4.209155048,3,"[1, 3, 3, 2, 2, 4, 1, 1, 3, 3, 2, 2, 4, 4, 0, 1, 1, 0, 2]",57,7970.015399
case43,11,1.245530968,3.328813827,3,"[1, 3, 3, 2, 2, 4, 1, 1, 3, 3, 2]",33,20.25471616
case44,0,0.119671449,2.371617357,3,[],0,0.003000259
case45,22,2.302285727,3.883293009,3,"[2, 4, 4, 1, 1, 3, 2, 2, 4, 4, 1, 1, 3, 2, 2, 4, 4, 1, 1, 3, 2, 2]",66,65.92257667
case46,12,1.456132101,4.230919865,3,"[1, 3, 3, 2, 2, 4, 1, 1, 3, 3, 2, 2]",36,16.87260556
case47,0,0.097445307,5.358646932,3,[],0,0.001997709
case48,0,0.065279246,2.503435111,3,[],0,0.002000809
case49,17,1.877037123,2.307067173,3,"[1, 3, 3, 2, 2, 4, 1, 1, 3, 3, 2, 2, 4, 1, 1, 3, 3]",51,30.87091827
case50,23,2.515065229,4.490889912,3,"[2, 4, 4, 1, 1, 3, 2, 2, 4, 4, 1, 1, 3, 2, 2, 4, 4, 1, 1, 3, 2, 2, 4]",69,79.09444928
case51,16,1.541488258,0.107840452,3,"[4, 1, 1, 3, 3, 2, 4, 4, 1, 1, 3, 3, 2, 4, 1, 4]",48,140.8682687
case52,13,1.238955952,5.062867815,3,"[1, 3, 3, 2, 2, 4, 4, 1, 1, 3, 2, 2, 0]",39,71.94760728
case53,9,0.92513662,4.585368887,3,"[2, 4, 4, 1, 1, 3, 2, 2, 4]",27,16.43271947
case54,17,1.727646467,5.812120005,3,"[2, 4, 4, 1, 1, 3, 2, 2, 4, 4, 1, 1, 3, 2, 2, 2, 4]",51,51.86396766
case55,26,2.510435877,4.270413327,3,"[1, 3, 3, 2, 2, 4, 1, 1, 3, 3, 2, 2, 4, 1, 1, 3, 3, 2, 2, 4, 1, 1, 3, 2, 0, 4]",78,624.281687
case56,5,0.707600949,0.869320336,3,"[2, 4, 4, 1, 1]",15,1.851991892
case57,11,1.136937206,1.689384925,3,"[4, 1, 1, 3, 3, 2, 4, 4, 1, 1, 3]",33,22.34169865
case58,14,1.141909055,0.59816079,3,"[1, 3, 3, 2, 4, 1, 1, 3, 3, 2, 4, 1, 1, 1]",42,383.4147682
case59,28,3.088431676,3.285668442,3,"[2, 4, 4, 1, 1, 3, 2, 2, 4, 4, 1, 1, 3, 2, 2, 4, 4, 1, 1, 3, 2, 2, 4, 4, 1, 1, 3, 2]",84,154.463439
case60,19,2.151113371,4.417765009,3,"[1, 3, 3, 2, 2, 4, 1, 1, 3, 3, 2, 2, 4, 1, 1, 3, 3, 2, 2]",57,69.00421405
case61,9,0.966787024,2.977492122,3,"[3, 2, 2, 4, 4, 1, 3, 3, 2]",27,22.73762345
case62,19,2.099846837,1.021323136,3,"[2, 4, 4, 1, 1, 3, 2, 2, 4, 4, 1, 1, 3, 2, 2, 4, 4, 1, 1]",57,56.78461766
case63,17,1.572946482,2.609713292,3,"[1, 3, 3, 2, 2, 4, 1, 1, 3, 3, 2, 2, 4, 1, 1, 1, 1]",51,351.5677264
case64,12,1.005119962,2.849573665,3,"[4, 1, 1, 3, 3, 2, 4, 4, 1, 3, 2, 0]",36,72.02480888
case65,19,1.772898353,1.309261433,3,"[2, 4, 4, 1, 1, 3, 2, 2, 4, 4, 1, 1, 3, 2, 2, 4, 1, 1, 4]",57,354.5305359
case66,28,3.043399931,0.722573417,3,"[1, 3, 3, 2, 2, 4, 1, 1, 3, 3, 2, 2, 4, 1, 1, 3, 3, 2, 2, 4, 1, 1, 3, 3, 2, 2, 4, 1]",84,128.7476139
case67,19,2.180054934,4.279394531,3,"[1, 3, 3, 2, 2, 4, 1, 1, 3, 3, 2, 2, 4, 1, 1, 3, 3, 2, 2]",57,64.42595768
case68,15,1.596464323,3.927307998,3,"[2, 4, 4, 1, 1, 3, 2, 2, 4, 4, 1, 1, 3, 2, 2]",45,34.27147913
case69,26,2.538288149,4.089997654,3,"[1, 3, 3, 2, 2, 4, 1, 1, 3, 3, 2, 2, 4, 1, 1, 3, 3, 2, 2, 4, 1, 1, 3, 3, 4, 4]",78,579.5705633
case70,8,0.913860573,5.273474656,3,"[4, 1, 1, 3, 3, 2, 4, 4]",24,9.141485929
case71,6,0.651897319,3.213771455,3,"[4, 1, 1, 3, 3, 2]",18,6.040097475
case72,28,3.121857311,5.088202844,3,"[4, 1, 1, 3, 3, 2, 4, 4, 1, 1, 3, 3, 2, 4, 4, 1, 1, 3, 3, 2, 4, 4, 1, 1, 3, 3, 2, 4]",84,132.5240779
case73,0,0.029559311,1.490500914,3,[],0,0.003000259
case74,22,2.178714342,5.663288436,3,"[4, 1, 1, 3, 3, 2, 4, 4, 1, 1, 3, 3, 2, 4, 4, 1, 1, 3, 3, 2, 2, 0]",66,278.61499
case75,6,0.640208749,5.188061597,3,"[1, 3, 3, 2, 2, 4]",18,3.759004116
case76,21,2.010803684,3.192064357,3,"[2, 4, 4, 1, 1, 3, 2, 2, 4, 4, 1, 1, 3, 2, 2, 4, 4, 1, 1, 3, 1]",63,385.6084383
case77,28,3.015448309,2.985040831,3,"[2, 4, 4, 1, 1, 3, 2, 2, 4, 4, 1, 1, 3, 2, 2, 4, 4, 1, 1, 3, 2, 2, 4, 4, 1, 1, 3, 2]",84,140.4223902
case78,24,2.477305604,5.836225728,3,"[2, 4, 4, 1, 1, 3, 2, 2, 4, 4, 1, 1, 3, 2, 2, 4, 4, 1, 1, 3, 2, 2, 2, 4]",72,169.6698833
case79,0,0.020791817,4.714876613,3,[],0,0.002999544
case80,27,2.793988006,5.958781462,3,"[1, 3, 3, 2, 2, 4, 1, 1, 3, 3, 2, 2, 4, 1, 1, 3, 3, 2, 2, 4, 1, 1, 3, 3, 2, 2, 4]",81,226.588249
case81,27,2.84422236,3.354255362,3,"[4, 1, 1, 3, 3, 2, 4, 4, 1, 1, 3, 3, 2, 4, 4, 1, 1, 3, 3, 2, 4, 4, 1, 1, 3, 3, 2]",81,147.6239028
case82,24,2.403356353,3.13739114,3,"[1, 3, 3, 2, 4, 1, 1, 3, 3, 2, 2, 4, 4, 1, 3, 3, 2, 2, 4, 4, 1, 3, 3, 2]",72,304.068625
case83,2,0.308117782,0.979695846,3,"[1, 1]",6,0.631955385
case84,3,0.332613118,5.805190704,3,"[2, 4, 4]",9,0.458623171
case85,7,0.813260201,4.208548343,3,"[4, 1, 1, 3, 3, 2, 2]",21,7.812455416
case86,17,1.416988017,2.528077571,3,"[1, 3, 3, 2, 2, 4, 1, 1, 3, 3, 2, 2, 4, 1, 0, 2, 0]",51,957.8765266
case87,9,0.749821604,3.184755262,3,"[3, 2, 2, 4, 4, 1, 0, 0, 2]",27,31.97515368
case88,25,2.650339979,3.820723731,3,"[1, 3, 3, 2, 2, 4, 1, 1, 3, 3, 2, 2, 4, 1, 1, 3, 3, 2, 2, 4, 1, 1, 3, 3, 3]",75,278.7640855
case89,11,1.009655841,4.174419469,3,"[1, 3, 3, 2, 4, 1, 1, 3, 3, 2, 4]",33,50.42643619
case90,9,1.018071777,3.206564741,3,"[3, 2, 2, 4, 4, 1, 3, 3, 2]",27,12.3604579
case91,20,2.197708308,5.245342841,3,"[1, 3, 3, 2, 2, 4, 1, 1, 3, 3, 2, 2, 4, 1, 1, 3, 3, 2, 2, 4]",60,65.14118266
case92,6,0.614701757,5.158001057,3,"[1, 3, 3, 2, 2, 4]",18,8.002013206
case93,24,2.505922827,2.359296062,3,"[1, 3, 3, 2, 2, 4, 1, 1, 3, 3, 2, 2, 4, 1, 1, 3, 3, 2, 2, 4, 1, 1, 3, 3]",72,137.6448696
case94,23,2.110781717,1.721521409,3,"[1, 3, 3, 2, 2, 4, 1, 1, 3, 3, 2, 2, 4, 1, 1, 3, 3, 2, 2, 4, 0, 1, 4]",69,829.6703901
case95,24,2.292207278,5.814259883,3,"[2, 4, 4, 1, 1, 3, 2, 2, 4, 4, 1, 1, 3, 2, 2, 4, 4, 1, 1, 3, 2, 3, 2, 4]",72,649.7359622
case96,6,0.650535192,4.083856699,3,"[4, 1, 1, 3, 2, 4]",18,8.316354513
case97,22,2.267929981,0.50585319,3,"[1, 3, 3, 2, 2, 4, 1, 1, 3, 3, 2, 2, 4, 1, 1, 3, 3, 2, 2, 4, 1, 3]",66,170.8812308
case98,18,1.794199788,1.968577454,3,"[4, 1, 1, 3, 3, 2, 4, 4, 1, 1, 3, 3, 2, 4, 4, 1, 0, 3]",54,142.8943005
case99,28,3.062348161,5.391187146,3,"[4, 1, 1, 3, 3, 2, 4, 4, 1, 1, 3, 3, 2, 4, 4, 1, 1, 3, 3, 2, 4, 4, 1, 1, 3, 3, 2, 4]",84,130.9351811
case100,7,0.573678078,4.464866688,3,"[4, 1, 1, 3, 2, 3, 2]",21,14.29443216
case101,10,0.983597186,0.903651397,3,"[4, 1, 1, 3, 3, 2, 4, 4, 1, 3]",30,22.01183939
case102,26,2.894142741,1.12845406,3,"[2, 4, 4, 1, 1, 3, 2, 2, 4, 4, 1, 1, 3, 2, 2, 4, 4, 1, 1, 3, 2, 2, 4, 4, 1, 1]",78,116.3596935
case103,20,2.125142817,3.535597756,3,"[4, 1, 1, 3, 3, 2, 4, 4, 1, 1, 3, 3, 2, 4, 4, 1, 1, 3, 3, 2]",60,73.95991254
case104,17,1.657735232,2.254890275,3,"[1, 3, 3, 2, 2, 4, 4, 1, 1, 3, 2, 2, 4, 4, 1, 1, 2]",51,153.3100872
case105,28,3.028280253,0.614574064,3,"[1, 3, 3, 2, 2, 4, 1, 1, 3, 3, 2, 2, 4, 1, 1, 3, 3, 2, 2, 4, 1, 1, 3, 3, 2, 2, 4, 1]",84,131.2422588
case106,13,1.268672511,2.464239978,3,"[2, 4, 4, 1, 3, 2, 2, 4, 4, 1, 1, 3, 3]",39,78.55397725
case107,14,1.336557706,4.729166532,3,"[4, 1, 1, 3, 3, 2, 4, 4, 1, 1, 3, 2, 0, 4]",42,101.5002291
case108,24,2.557635397,1.156868979,3,"[4, 1, 1, 3, 3, 2, 4, 4, 1, 1, 3, 3, 2, 4, 4, 1, 1, 3, 3, 2, 4, 4, 1, 1]",72,103.6621797
case109,26,2.793462101,4.139986403,3,"[1, 3, 3, 2, 2, 4, 1, 1, 3, 3, 2, 2, 4, 1, 1, 3, 3, 2, 2, 4, 1, 1, 3, 3, 2, 2]",78,122.9974844
case110,0,0.113929318,2.085151222,3,[],0,0.003031015
case111,0,0.195288882,2.539822432,3,[],0,0.003004074
case112,25,2.683930035,0.194812928,3,"[2, 4, 4, 1, 1, 3, 2, 2, 4, 4, 1, 1, 3, 2, 2, 4, 4, 1, 1, 3, 2, 2, 4, 4, 1]",75,111.2579322
case113,25,2.659119934,3.876042732,3,"[1, 3, 3, 2, 2, 4, 1, 1, 3, 3, 2, 2, 4, 1, 1, 3, 3, 2, 2, 4, 1, 1, 3, 3, 3]",75,268.4160659
case114,22,2.309881758,3.738554606,3,"[2, 4, 4, 1, 1, 3, 2, 2, 4, 4, 1, 1, 3, 2, 2, 4, 4, 1, 1, 3, 2, 2]",66,89.20251131
case115,21,2.013486567,6.033970884,3,"[1, 3, 3, 2, 2, 4, 1, 1, 3, 3, 2, 2, 4, 1, 1, 3, 3, 2, 4, 4, 3]",63,376.4127707
case116,8,1.010906093,3.871545907,3,"[2, 4, 4, 1, 1, 3, 2, 2]",24,9.227923155
case117,8,0.845441326,1.902601862,3,"[3, 2, 2, 4, 4, 1, 1, 3]",24,14.45375371
case118,4,0.6075243,3.380739152,3,"[1, 3, 3, 2]",12,1.940037727
case119,19,2.028713841,2.743168598,3,"[4, 1, 1, 3, 3, 2, 4, 4, 1, 1, 3, 3, 2, 4, 4, 1, 1, 3, 3]",57,60.92767549
case120,22,2.229041783,5.760692308,3,"[4, 1, 1, 3, 3, 2, 4, 4, 1, 1, 3, 3, 2, 4, 4, 1, 1, 3, 3, 2, 2, 4]",66,289.4427714
case121,25,2.723349714,3.234391848,3,"[1, 3, 3, 2, 2, 4, 1, 1, 3, 3, 2, 2, 4, 1, 1, 3, 3, 2, 2, 4, 1, 1, 3, 3, 2]",75,115.7668431
case122,17,1.536593672,5.711086304,3,"[2, 4, 4, 1, 1, 3, 2, 2, 4, 4, 1, 1, 3, 2, 3, 2, 1]",51,533.681829
case123,22,2.242552908,0.666633024,3,"[1, 3, 3, 2, 2, 4, 1, 1, 3, 3, 2, 2, 4, 1, 1, 3, 3, 2, 2, 4, 1, 3]",66,135.2743757
case124,7,0.725558162,0.326719154,3,"[1, 3, 3, 2, 4, 1, 1]",21,13.85332227
case125,1,0.311006198,0.541299595,3,[1],3,0.022029877
case126,8,0.888639155,0.980454971,3,"[1, 3, 3, 2, 2, 4, 1, 3]",24,15.64118075
case127,21,2.203380888,4.356986341,3,"[4, 1, 1, 3, 3, 2, 4, 4, 1, 1, 3, 3, 2, 4, 4, 1, 1, 3, 3, 2, 4]",63,96.95904756
case128,2,0.343943406,6.141633084,3,"[4, 1]",6,0.17410183
case129,21,2.329144371,0.029248645,3,"[1, 3, 3, 2, 2, 4, 1, 1, 3, 3, 2, 2, 4, 1, 1, 3, 3, 2, 2, 4, 4]",63,115.4252231
case130,4,0.485652435,4.842811303,3,"[3, 2, 2, 4]",12,1.363829613
case131,3,0.42573284,5.392560385,3,"[2, 4, 4]",9,0.441286087
case132,1,0.224468566,5.100523357,3,[4],3,0.017625093
case133,24,2.542710498,5.504739549,3,"[2, 4, 4, 1, 1, 3, 2, 2, 4, 4, 1, 1, 3, 2, 2, 4, 4, 1, 1, 3, 2, 2, 4, 4]",72,86.35884023
case134,0,0.192033676,2.377059263,3,[],0,0.00200367
case135,21,1.835949239,0.655125051,3,"[1, 3, 3, 2, 4, 1, 1, 3, 3, 2, 2, 4, 4, 1, 3, 3, 2, 2, 2, 4, 4]",63,4145.317979
case136,5,0.522411587,4.331578051,3,"[1, 3, 3, 2, 2]",15,3.164491177
case137,14,1.475173413,4.523433315,3,"[4, 1, 1, 3, 3, 2, 4, 4, 1, 1, 3, 3, 2, 4]",42,21.79137063
case138,6,0.793705978,3.297362468,3,"[4, 1, 1, 3, 3, 2]",18,3.21880579
case139,12,1.257024617,4.326538916,3,"[1, 3, 3, 2, 2, 4, 1, 1, 3, 3, 2, 2]",36,17.80783677
case140,18,1.987610144,0.262355611,3,"[2, 4, 4, 1, 1, 3, 2, 2, 4, 4, 1, 1, 3, 2, 2, 4, 4, 1]",54,41.30161095
case141,24,2.208459519,2.567829383,3,"[1, 3, 3, 2, 2, 4, 1, 1, 3, 3, 2, 2, 4, 1, 1, 3, 3, 2, 2, 4, 0, 0, 3, 0]",72,847.8571222
case142,7,0.850957698,2.541626696,3,"[2, 4, 4, 1, 1, 3, 3]",21,8.508569479
case143,25,2.736919068,0.445893787,3,"[2, 4, 4, 1, 1, 3, 2, 2, 4, 4, 1, 1, 3, 2, 2, 4, 4, 1, 1, 3, 2, 2, 4, 4, 1]",75,117.411171
case144,26,2.574691748,4.133935016,3,"[1, 3, 3, 2, 2, 4, 1, 1, 3, 3, 2, 2, 4, 1, 1, 3, 3, 2, 2, 4, 1, 1, 3, 2, 2, 0]",78,459.5820985
case145,7,0.778065527,4.302151887,3,"[4, 1, 1, 3, 3, 2, 4]",21,6.301812172
case146,28,2.819769741,0.584228837,3,"[1, 3, 3, 2, 2, 4, 1, 1, 3, 3, 2, 2, 4, 1, 1, 3, 3, 2, 2, 4, 1, 1, 3, 3, 2, 2, 4, 0]",84,371.9218247
case147,6,0.792272888,5.087711271,3,"[1, 3, 3, 2, 2, 4]",18,4.348726749
case148,18,1.916357338,1.863657727,3,"[4, 1, 1, 3, 3, 2, 4, 4, 1, 1, 3, 3, 2, 4, 4, 1, 1, 3]",54,68.39319372
case149,19,2.035168979,4.086004726,3,"[1, 3, 3, 2, 2, 4, 1, 1, 3, 3, 2, 2, 4, 1, 1, 3, 3, 2, 4]",57,77.40020204
case150,12,1.14088365,1.197054906,3,"[2, 4, 4, 1, 1, 3, 2, 2, 4, 4, 1, 0]",36,66.09390736
case151,17,1.777987831,3.077616063,3,"[1, 3, 3, 2, 4, 1, 1, 3, 3, 2, 2, 4, 4, 1, 3, 3, 2]",51,162.2579317
case152,8,0.99491765,2.309243064,3,"[3, 2, 2, 4, 4, 1, 3, 3]",24,6.053465605
case153,12,1.416394152,4.331098667,3,"[1, 3, 3, 2, 2, 4, 1, 1, 3, 3, 2, 2]",36,16.79222226
case154,19,1.881066883,4.165127259,3,"[1, 3, 3, 2, 2, 4, 1, 1, 3, 3, 2, 2, 4, 1, 1, 3, 3, 3, 4]",57,179.5528958
case155,19,2.132754993,4.202842105,3,"[1, 3, 3, 2, 2, 4, 1, 1, 3, 3, 2, 2, 4, 1, 1, 3, 3, 2, 2]",57,66.37152863
case156,8,0.903737681,3.568247051,3,"[2, 4, 4, 1, 1, 3, 2, 2]",24,10.33117676
case157,6,0.691207811,3.535604242,3,"[4, 1, 1, 3, 3, 2]",18,4.546419144
case158,24,2.605363294,1.135335785,3,"[4, 1, 1, 3, 3, 2, 4, 4, 1, 1, 3, 3, 2, 4, 4, 1, 1, 3, 3, 2, 4, 4, 1, 1]",72,104.8299389
case159,26,2.755169354,4.635378619,3,"[1, 3, 3, 2, 2, 4, 1, 1, 3, 3, 2, 2, 4, 1, 1, 3, 3, 2, 2, 4, 1, 1, 3, 3, 2, 2]",78,154.16924
case160,9,0.920383245,1.294508167,3,"[1, 3, 3, 2, 2, 4, 1, 1, 1]",27,15.34727168
case161,4,0.535806567,0.072952923,3,"[2, 4, 4, 1]",12,0.97813201
case162,4,0.569145193,4.858121988,3,"[3, 2, 2, 4]",12,1.547035694
case163,18,1.601015639,3.433947394,3,"[1, 3, 3, 2, 2, 4, 1, 1, 3, 3, 2, 2, 4, 1, 1, 0, 0, 3]",54,621.1180644
case164,17,1.741934755,3.163500241,3,"[1, 3, 3, 2, 4, 1, 1, 3, 3, 2, 2, 4, 4, 1, 3, 3, 2]",51,153.731457
case165,23,2.362313527,2.258581635,3,"[1, 3, 3, 2, 4, 1, 1, 3, 3, 2, 2, 4, 4, 1, 3, 3, 2, 2, 4, 4, 1, 3, 3]",69,316.9987772
case166,10,0.941130549,1.003701573,3,"[4, 1, 1, 3, 3, 2, 4, 4, 1, 0]",30,31.32201791
case167,8,0.828345918,3.358887773,3,"[2, 4, 4, 1, 1, 3, 3, 2]",24,15.57926488
case168,18,1.717137978,0.355863039,3,"[2, 4, 4, 1, 1, 3, 2, 2, 4, 4, 1, 1, 3, 2, 2, 2, 4, 3]",54,273.0313909
case169,15,1.402620659,0.874161911,3,"[1, 3, 3, 2, 2, 4, 1, 1, 3, 3, 2, 2, 4, 0, 3]",45,125.4346354
case170,21,2.237734534,0.316606008,3,"[1, 3, 3, 2, 4, 1, 1, 3, 3, 2, 2, 4, 4, 1, 3, 3, 2, 2, 4, 4, 1]",63,234.3404834
case171,27,2.777999623,5.006323562,3,"[1, 3, 3, 2, 2, 4, 1, 1, 3, 3, 2, 2, 4, 1, 1, 3, 3, 2, 2, 4, 1, 1, 3, 3, 2, 4, 4]",81,310.0099971
case172,20,2.17011639,5.271456071,3,"[1, 3, 3, 2, 2, 4, 1, 1, 3, 3, 2, 2, 4, 1, 1, 3, 3, 2, 2, 4]",60,70.77213073
case173,11,1.199363157,2.080362362,3,"[4, 1, 1, 3, 3, 2, 4, 1, 1, 3, 3]",33,56.53534293
case174,0,0.045989485,5.232518246,3,[],0,0.002999544
case175,17,1.895167754,2.452251082,3,"[1, 3, 3, 2, 2, 4, 1, 1, 3, 3, 2, 2, 4, 1, 1, 3, 3]",51,45.31562185
case176,0,0.008298696,0.16790437,3,[],0,0.003000975
case177,0,0.16630708,3.037864222,3,[],0,0.002999783
case178,17,1.822869622,5.558596458,3,"[2, 4, 4, 1, 1, 3, 2, 2, 4, 4, 1, 1, 3, 2, 2, 4, 4]",51,45.53395081
case179,10,1.214737643,2.479887183,3,"[1, 3, 3, 2, 2, 4, 1, 1, 3, 3]",30,16.59207749
case180,12,0.996328552,1.237836348,3,"[2, 4, 4, 1, 1, 3, 2, 2, 4, 1, 1, 2]",36,150.6316164
case181,19,1.808904093,4.436619169,3,"[1, 3, 3, 2, 2, 4, 1, 1, 3, 3, 2, 2, 4, 1, 1, 3, 3, 3, 0]",57,318.0650804
case182,4,0.55801374,0.286433467,3,"[2, 4, 4, 1]",12,1.377679825
case183,17,1.834231691,0.760419913,3,"[4, 1, 1, 3, 3, 2, 4, 4, 1, 1, 3, 3, 2, 4, 4, 1, 1]",51,43.93294358
case184,8,0.782386181,4.582353742,3,"[2, 4, 4, 1, 3, 2, 2, 4]",24,19.8607533
case185,27,2.997893796,5.459616445,3,"[1, 3, 3, 2, 2, 4, 1, 1, 3, 3, 2, 2, 4, 1, 1, 3, 3, 2, 2, 4, 1, 1, 3, 3, 2, 2, 4]",81,125.8930638
case186,27,2.978817645,5.282931257,3,"[1, 3, 3, 2, 2, 4, 1, 1, 3, 3, 2, 2, 4, 1, 1, 3, 3, 2, 2, 4, 1, 1, 3, 3, 2, 2, 4]",81,121.8438869
case187,10,1.178900553,0.844220552,3,"[4, 1, 1, 3, 3, 2, 4, 4, 1, 1]",30,11.62591743
case188,8,0.943674248,5.173871713,3,"[4, 1, 1, 3, 3, 2, 4, 4]",24,8.817592382
case189,16,1.578208957,1.957390572,3,"[1, 3, 3, 2, 2, 4, 1, 3, 3, 2, 2, 4, 4, 1, 1, 3]",48,102.3376901
case190,19,1.931122151,4.805410759,3,"[1, 3, 3, 2, 4, 1, 1, 3, 3, 2, 2, 4, 4, 1, 3, 3, 2, 2, 4]",57,185.3520834
case191,12,1.024607728,2.938337202,3,"[4, 1, 1, 3, 3, 2, 4, 1, 1, 3, 1, 2]",36,89.47623014
case192,27,2.904015685,2.651165125,3,"[2, 4, 4, 1, 1, 3, 2, 2, 4, 4, 1, 1, 3, 2, 2, 4, 4, 1, 1, 3, 2, 2, 4, 4, 1, 1, 3]",81,135.2191491
case193,5,0.498836642,4.458654855,3,"[1, 3, 3, 2, 4]",15,4.610140324
case194,2,0.319697881,1.519715783,3,"[1, 1]",6,0.630801916
case195,27,2.968588869,5.625535729,3,"[1, 3, 3, 2, 2, 4, 1, 1, 3, 3, 2, 2, 4, 1, 1, 3, 3, 2, 2, 4, 1, 1, 3, 3, 2, 2, 4]",81,120.3969207
case196,18,1.739469509,3.970924097,3,"[1, 3, 3, 2, 4, 1, 1, 3, 3, 2, 2, 4, 4, 1, 3, 3, 3, 2]",54,166.1872346
case197,21,2.020042748,6.008124444,3,"[1, 3, 3, 2, 2, 4, 1, 1, 3, 3, 2, 2, 4, 1, 1, 3, 3, 2, 4, 4, 3]",63,351.982985
case198,24,2.290946195,2.632256645,3,"[1, 3, 3, 2, 2, 4, 1, 1, 3, 3, 2, 2, 4, 1, 1, 3, 3, 2, 2, 4, 1, 1, 4, 3]",72,630.3306234
case199,23,2.34372485,1.496884877,3,"[1, 3, 3, 2, 2, 4, 1, 1, 3, 3, 2, 2, 4, 1, 1, 3, 3, 2, 2, 4, 1, 3, 3]",69,180.3000932
case200,27,2.792903484,6.017589639,3,"[1, 3, 3, 2, 2, 4, 1, 1, 3, 3, 2, 2, 4, 1, 1, 3, 3, 2, 2, 4, 1, 1, 3, 3, 2, 2, 4]",81,223.7772501
case201,15,1.607807825,0.546608632,3,"[1, 3, 3, 2, 2, 4, 1, 1, 3, 3, 2, 2, 4, 1, 1]",45,29.16447496
case202,22,2.108058842,0.774931164,3,"[1, 3, 3, 2, 2, 4, 1, 1, 3, 3, 2, 2, 4, 1, 1, 3, 3, 2, 2, 4, 0, 0]",66,376.4714084
case203,24,2.497977745,2.046887069,3,"[1, 3, 3, 2, 2, 4, 1, 1, 3, 3, 2, 2, 4, 1, 1, 3, 3, 2, 2, 4, 1, 1, 3, 2]",72,206.7402859
case204,16,1.434940032,1.785721175,3,"[1, 3, 3, 2, 2, 4, 1, 1, 3, 3, 2, 2, 4, 1, 3, 2]",48,272.4448831
case205,25,2.778289997,1.864893921,3,"[4, 1, 1, 3, 3, 2, 4, 4, 1, 1, 3, 3, 2, 4, 4, 1, 1, 3, 3, 2, 4, 4, 1, 1, 3]",75,94.83039093
case206,23,2.387262671,1.505103167,3,"[1, 3, 3, 2, 2, 4, 1, 1, 3, 3, 2, 2, 4, 1, 1, 3, 3, 2, 2, 4, 1, 1, 3]",69,112.4016087
case207,24,2.463187116,2.467591421,3,"[1, 3, 3, 2, 2, 4, 1, 1, 3, 3, 2, 2, 4, 1, 1, 3, 3, 2, 2, 4, 1, 1, 3, 2]",72,145.5416582
case208,25,2.711181728,0.084153035,3,"[2, 4, 4, 1, 1, 3, 2, 2, 4, 4, 1, 1, 3, 2, 2, 4, 4, 1, 1, 3, 2, 2, 4, 4, 1]",75,120.0132351
case209,8,1.000318069,0.637289707,3,"[1, 3, 3, 2, 2, 4, 1, 1]",24,9.297776461
case210,11,0.944681075,3.507592538,3,"[1, 3, 3, 2, 2, 4, 1, 1, 3, 0, 4]",33,56.30249476
case211,15,1.624261543,0.635701077,3,"[1, 3, 3, 2, 2, 4, 1, 1, 3, 3, 2, 2, 4, 1, 1]",45,32.92150545
case212,2,0.289727146,2.616847276,3,"[3, 3]",6,0.708985567
case213,14,1.633072918,2.870422223,3,"[2, 4, 4, 1, 1, 3, 2, 2, 4, 4, 1, 1, 3, 2]",42,36.33878589
case214,4,0.470255822,3.42005898,3,"[1, 3, 3, 2]",12,1.341955662
case215,25,2.516991704,0.412221199,3,"[2, 4, 4, 1, 1, 3, 2, 2, 4, 4, 1, 1, 3, 2, 2, 4, 4, 1, 1, 3, 2, 2, 4, 4, 0]",75,293.9584942
case216,23,2.505745522,0.021656654,3,"[4, 1, 1, 3, 3, 2, 4, 4, 1, 1, 3, 3, 2, 4, 4, 1, 1, 3, 3, 2, 4, 4, 1]",69,95.09299731
case217,13,1.166281406,5.031805689,3,"[1, 3, 3, 2, 2, 4, 4, 1, 1, 3, 3, 4, 2]",39,119.8860214
case218,17,1.917755884,5.71150112,3,"[2, 4, 4, 1, 1, 3, 2, 2, 4, 4, 1, 1, 3, 2, 2, 4, 4]",51,50.39295483
case219,23,2.323572749,1.333455936,3,"[1, 3, 3, 2, 2, 4, 1, 1, 3, 3, 2, 2, 4, 1, 1, 3, 3, 2, 2, 4, 1, 3, 3]",69,267.6560347
case220,0,0.165910518,3.747114327,3,[],0,0.004527569
case221,15,1.430655588,1.417761114,3,"[1, 3, 3, 2, 4, 1, 1, 3, 3, 2, 2, 4, 4, 1, 1]",45,139.0972967
case222,19,1.810395068,4.496002628,3,"[1, 3, 3, 2, 2, 4, 1, 1, 3, 3, 2, 2, 4, 1, 1, 3, 3, 3, 0]",57,313.9129739
case223,23,1.950731813,1.575130076,3,"[1, 3, 3, 2, 2, 4, 1, 1, 3, 3, 2, 2, 4, 1, 1, 3, 3, 2, 4, 0, 3, 0, 1]",69,3354.655166
case224,20,1.866010875,5.118863148,3,"[1, 3, 3, 2, 2, 4, 1, 1, 3, 3, 2, 2, 4, 1, 1, 3, 3, 0, 4, 1]",60,553.709183
case225,0,0.059305834,3.41491393,3,[],0,0.004000187
case226,3,0.376735393,2.78613937,3,"[1, 3, 3]",9,0.673733234
case227,28,3.047859798,3.7865083,3,"[2, 4, 4, 1, 1, 3, 2, 2, 4, 4, 1, 1, 3, 2, 2, 4, 4, 1, 1, 3, 2, 2, 4, 4, 1, 1, 3, 2]",84,140.0472057
case228,27,3.006087455,2.690736663,3,"[2, 4, 4, 1, 1, 3, 2, 2, 4, 4, 1, 1, 3, 2, 2, 4, 4, 1, 1, 3, 2, 2, 4, 4, 1, 1, 3]",81,131.6480653
case229,6,0.668346095,5.549272891,3,"[1, 3, 3, 2, 4, 1]",18,8.083807707
case230,7,0.905311823,3.048168544,3,"[2, 4, 4, 1, 1, 3, 2]",21,8.24045825
case231,6,0.805495167,4.917748542,3,"[1, 3, 3, 2, 2, 4]",18,4.302170515
case232,15,1.462354466,5.528298678,3,"[4, 1, 1, 3, 3, 2, 4, 4, 1, 1, 3, 3, 2, 4, 0]",45,88.78173709
case233,26,2.76169784,4.299167821,3,"[1, 3, 3, 2, 2, 4, 1, 1, 3, 3, 2, 2, 4, 1, 1, 3, 3, 2, 2, 4, 1, 1, 3, 3, 2, 2]",78,116.4637775
case234,20,2.009102497,2.227525688,3,"[2, 4, 4, 1, 1, 3, 2, 2, 4, 4, 1, 1, 3, 2, 2, 4, 4, 1, 0, 3]",60,149.6350679
case235,9,1.11654445,4.608233529,3,"[2, 4, 4, 1, 1, 3, 2, 2, 4]",27,11.91336775
case236,11,1.319847443,1.6388782,3,"[4, 1, 1, 3, 3, 2, 2, 4, 1, 1, 3]",33,25.03091717
case237,14,1.510615591,4.514178269,3,"[4, 1, 1, 3, 3, 2, 4, 4, 1, 1, 3, 3, 2, 4]",42,28.08825755
case238,5,0.603468672,3.990287845,3,"[1, 3, 3, 2, 2]",15,2.386188507
case239,0,0.010704548,1.795161032,3,[],0,0.00304389
case240,11,1.102103055,0.439038699,3,"[2, 4, 4, 1, 1, 3, 2, 2, 4, 1, 1]",33,24.75695896
case241,27,2.802154809,5.565412123,3,"[1, 3, 3, 2, 2, 4, 1, 1, 3, 3, 2, 2, 4, 1, 1, 3, 3, 2, 2, 4, 1, 1, 3, 3, 2, 4, 4]",81,150.9979143
case242,28,2.96659329,0.749088724,3,"[1, 3, 3, 2, 2, 4, 1, 1, 3, 3, 2, 2, 4, 1, 1, 3, 3, 2, 2, 4, 1, 1, 3, 3, 2, 2, 4, 1]",84,123.5393341
case243,3,0.358462344,0.908565288,3,"[4, 1, 1]",9,0.266306877
case244,11,1.087916409,2.146989855,3,"[4, 1, 1, 3, 3, 2, 4, 4, 1, 3, 2]",33,65.89344478
case245,25,2.693404059,3.247872935,3,"[1, 3, 3, 2, 2, 4, 1, 1, 3, 3, 2, 2, 4, 1, 1, 3, 3, 2, 2, 4, 1, 1, 3, 3, 2]",75,106.7381289
case246,23,2.407629239,1.862164634,3,"[1, 3, 3, 2, 2, 4, 1, 1, 3, 3, 2, 2, 4, 1, 1, 3, 3, 2, 2, 4, 1, 1, 3]",69,91.24615741
case247,3,0.408351971,4.130278886,3,"[3, 2, 2]",9,0.663635969
case248,2,0.390914713,3.006228681,3,"[3, 2]",6,0.15210557
case249,1,0.201904165,4.901029612,3,[4],3,0.031518459
case250,3,0.452663311,5.487646046,3,"[2, 4, 4]",9,0.671388865
case251,0,0.149549087,0.411771002,3,[],0,0.002997398
case252,11,1.02560691,4.123206738,3,"[1, 3, 3, 2, 4, 1, 1, 3, 3, 2, 2]",33,51.56773424
case253,26,2.634788523,1.342136925,3,"[2, 4, 4, 1, 1, 3, 2, 2, 4, 4, 1, 1, 3, 2, 2, 4, 4, 1, 1, 3, 2, 2, 4, 4, 0, 1]",78,322.1525354
case254,28,2.859463193,0.514060866,3,"[1, 3, 3, 2, 2, 4, 1, 1, 3, 3, 2, 2, 4, 1, 1, 3, 3, 2, 2, 4, 1, 1, 3, 3, 2, 2, 4, 4]",84,253.2213042
case255,28,2.901861803,0.835537466,3,"[1, 3, 3, 2, 2, 4, 1, 1, 3, 3, 2, 2, 4, 1, 1, 3, 3, 2, 2, 4, 1, 1, 3, 3, 2, 2, 4, 4]",84,274.169538
case256,12,1.146471129,4.02876393,3,"[1, 3, 3, 2, 2, 4, 4, 1, 3, 3, 3, 4]",36,61.13697624
case257,15,1.642859779,1.155825076,3,"[1, 3, 3, 2, 4, 1, 1, 3, 3, 2, 2, 4, 4, 1, 1]",45,119.7153699
case258,24,2.703745467,2.571418569,3,"[1, 3, 3, 2, 2, 4, 1, 1, 3, 3, 2, 2, 4, 1, 1, 3, 3, 2, 2, 4, 1, 1, 3, 3]",72,118.0174263
case259,23,2.600818497,1.609799787,3,"[1, 3, 3, 2, 2, 4, 1, 1, 3, 3, 2, 2, 4, 1, 1, 3, 3, 2, 2, 4, 1, 1, 3]",69,96.96084857
case260,10,1.02729311,5.751926729,3,"[2, 4, 4, 1, 1, 3, 2, 2, 4, 1]",30,21.81713581
case261,6,0.692462508,1.720357107,3,"[2, 4, 4, 1, 1, 3]",18,3.544324636
case262,13,1.27279222,1.884934795,3,"[2, 4, 4, 1, 1, 3, 2, 2, 4, 4, 1, 1, 1]",39,79.03275275
case263,3,0.464641564,1.098320202,3,"[4, 1, 1]",9,0.297513008
case264,21,2.155354023,6.23734353,3,"[1, 3, 3, 2, 2, 4, 1, 1, 3, 3, 2, 2, 4, 1, 1, 3, 3, 2, 2, 4, 4]",63,105.5848873
case265,21,2.145698576,0.502564493,3,"[1, 3, 3, 2, 4, 1, 1, 3, 3, 2, 2, 4, 4, 1, 3, 3, 2, 2, 4, 4, 1]",63,224.3136926
case266,19,2.028175375,1.190918796,3,"[2, 4, 4, 1, 1, 3, 2, 2, 4, 4, 1, 1, 3, 2, 2, 4, 4, 1, 1]",57,60.59095192
case267,26,2.888760217,1.624005018,3,"[2, 4, 4, 1, 1, 3, 2, 2, 4, 4, 1, 1, 3, 2, 2, 4, 4, 1, 1, 3, 2, 2, 4, 4, 1, 1]",78,139.1631525
case268,0,0.032106875,1.08793641,3,[],0,0.00300169
case269,16,1.73502583,4.587223144,3,"[2, 4, 4, 1, 1, 3, 2, 2, 4, 4, 1, 1, 3, 2, 2, 4]",48,38.91767216
case270,0,0.130494829,3.10893406,3,[],0,0.002999544
case271,2,0.346793419,0.383661803,3,"[4, 1]",6,0.158412933
case272,10,1.049501913,1.165909764,3,"[4, 1, 1, 3, 3, 2, 4, 4, 1, 3]",30,21.51817417
case273,25,2.629288685,1.608466713,3,"[4, 1, 1, 3, 3, 2, 4, 4, 1, 1, 3, 3, 2, 4, 4, 1, 1, 3, 3, 2, 4, 4, 1, 1, 3]",75,135.8490205
case274,21,2.327865204,4.583170624,3,"[4, 1, 1, 3, 3, 2, 4, 4, 1, 1, 3, 3, 2, 4, 4, 1, 1, 3, 3, 2, 4]",63,79.19161081
case275,24,2.477401611,2.918048024,3,"[1, 3, 3, 2, 2, 4, 1, 1, 3, 3, 2, 2, 4, 1, 1, 3, 3, 2, 2, 4, 1, 1, 1, 3]",72,213.6900749
case276,13,1.368116177,2.039995197,3,"[2, 4, 4, 1, 1, 3, 2, 2, 4, 4, 1, 1, 3]",39,25.59633708
case277,0,0.10158331,5.879749312,3,[],0,0.002000093
case278,26,2.559056775,4.266855986,3,"[1, 3, 3, 2, 2, 4, 1, 1, 3, 3, 2, 2, 4, 1, 1, 3, 3, 2, 2, 4, 1, 1, 3, 2, 3, 4]",78,491.2580888
case279,27,2.664022167,5.295642116,3,"[1, 3, 3, 2, 2, 4, 1, 1, 3, 3, 2, 2, 4, 1, 1, 3, 3, 2, 2, 4, 1, 1, 3, 3, 2, 3, 4]",81,596.4739537
case280,5,0.678697973,2.96141779,3,"[4, 1, 1, 3, 2]",15,6.850813866
case281,27,2.832867644,3.940307753,3,"[4, 1, 1, 3, 3, 2, 4, 4, 1, 1, 3, 3, 2, 4, 4, 1, 1, 3, 3, 2, 4, 4, 1, 1, 3, 3, 2]",81,136.2119818
case282,13,1.066627892,5.053727398,3,"[1, 3, 3, 2, 2, 4, 4, 1, 1, 3, 4, 2, 1]",39,225.308177
case283,1,0.245524334,5.922394253,3,[4],3,0.031050444
case284,7,0.592145279,4.440833452,3,"[4, 1, 1, 3, 2, 3, 2]",21,14.62021112
case285,24,2.468855303,1.143692987,3,"[4, 1, 1, 3, 3, 2, 4, 4, 1, 1, 3, 3, 2, 4, 4, 1, 1, 3, 3, 2, 4, 4, 4, 1]",72,155.6617491
case286,29,3.133499224,0.324866142,3,"[2, 4, 4, 1, 1, 3, 2, 2, 4, 4, 1, 1, 3, 2, 2, 4, 4, 1, 1, 3, 2, 2, 4, 4, 1, 1, 3, 2, 2]",87,139.4733925
case287,0,0.028007102,1.851189283,3,[],0,0.001997948
case288,22,2.213413703,1.517006322,3,"[1, 3, 3, 2, 4, 1, 1, 3, 3, 2, 2, 4, 4, 1, 3, 3, 2, 2, 4, 4, 1, 1]",66,255.1720352
case289,22,2.45956895,5.370727629,3,"[4, 1, 1, 3, 3, 2, 4, 4, 1, 1, 3, 3, 2, 4, 4, 1, 1, 3, 3, 2, 4, 4]",66,80.28475499
case290,13,1.337963837,2.273419441,3,"[2, 4, 4, 1, 1, 3, 2, 2, 4, 4, 1, 3, 2]",39,71.34421229
case291,3,0.428772358,1.97047178,3,"[1, 3, 3]",9,0.275383949
case292,3,0.438123005,4.230344136,3,"[3, 2, 2]",9,0.653296471
case293,17,1.827145109,2.429612246,3,"[1, 3, 3, 2, 2, 4, 1, 1, 3, 3, 2, 2, 4, 1, 1, 3, 3]",51,37.66408753
case294,22,1.921400749,1.474570923,3,"[1, 3, 3, 2, 4, 1, 1, 3, 3, 2, 2, 4, 4, 1, 3, 3, 2, 2, 2, 4, 4, 1]",66,2324.140988
case295,0,0.106394644,3.568102213,3,[],0,0.003031254
case296,21,2.325821783,4.708561745,3,"[4, 1, 1, 3, 3, 2, 4, 4, 1, 1, 3, 3, 2, 4, 4, 1, 1, 3, 3, 2, 2]",63,96.61076021
case297,14,1.449978151,0.435595568,3,"[1, 3, 3, 2, 4, 1, 1, 3, 3, 2, 2, 4, 4, 1]",42,75.93267345
case298,23,2.361976709,1.615310237,3,"[1, 3, 3, 2, 2, 4, 1, 1, 3, 3, 2, 2, 4, 1, 1, 3, 3, 2, 2, 4, 1, 1, 1]",69,187.2440081
case299,21,1.892763547,6.190467605,3,"[1, 3, 3, 2, 2, 4, 1, 1, 3, 3, 2, 2, 4, 1, 1, 3, 3, 2, 2, 0, 2]",63,1007.212927
case300,21,2.270773238,2.905139896,3,"[2, 4, 4, 1, 1, 3, 2, 2, 4, 4, 1, 1, 3, 2, 2, 4, 4, 1, 1, 3, 2]",63,83.43541718
case301,11,1.062060612,0.546883924,3,"[2, 4, 4, 1, 1, 3, 2, 2, 4, 1, 3]",33,62.67557883
case302,24,2.165531497,3.306106843,3,"[1, 3, 3, 2, 4, 1, 1, 3, 3, 2, 2, 4, 4, 1, 3, 3, 2, 2, 4, 4, 1, 1, 1, 3]",72,1137.130994
case303,26,2.87175313,3.026716171,3,"[4, 1, 1, 3, 3, 2, 4, 4, 1, 1, 3, 3, 2, 4, 4, 1, 1, 3, 3, 2, 4, 4, 1, 1, 3, 3]",78,132.7675703
case304,9,1.014920858,3.265345175,3,"[3, 2, 2, 4, 4, 1, 3, 3, 2]",27,13.45486879
case305,27,2.872923205,5.130900549,3,"[1, 3, 3, 2, 2, 4, 1, 1, 3, 3, 2, 2, 4, 1, 1, 3, 3, 2, 2, 4, 1, 1, 3, 3, 2, 2, 4]",81,155.2566898
case306,9,1.021336543,0.136665163,3,"[4, 1, 1, 3, 3, 2, 4, 4, 1]",27,11.97213793
case307,22,2.41910489,0.798034855,3,"[1, 3, 3, 2, 2, 4, 1, 1, 3, 3, 2, 2, 4, 1, 1, 3, 3, 2, 2, 4, 1, 1]",66,78.7467134
case308,9,1.074847851,3.006036446,3,"[3, 2, 2, 4, 4, 1, 3, 3, 2]",27,13.69710732
case309,27,2.821833858,5.486069462,3,"[1, 3, 3, 2, 2, 4, 1, 1, 3, 3, 2, 2, 4, 1, 1, 3, 3, 2, 2, 4, 1, 1, 3, 3, 2, 2, 4]",81,137.2048399
case310,23,2.475894579,1.418442721,3,"[1, 3, 3, 2, 2, 4, 1, 1, 3, 3, 2, 2, 4, 1, 1, 3, 3, 2, 2, 4, 1, 1, 3]",69,82.07040286
case311,21,1.924492212,6.074422722,3,"[1, 3, 3, 2, 2, 4, 1, 1, 3, 3, 2, 2, 4, 1, 1, 3, 3, 2, 1, 4, 0]",63,806.6420555
case312,20,1.740980381,5.148555364,3,"[1, 3, 3, 2, 2, 4, 1, 1, 3, 3, 2, 2, 4, 1, 1, 3, 1, 2, 0, 1]",60,1494.341958
case313,25,2.657784585,1.666744288,3,"[4, 1, 1, 3, 3, 2, 4, 4, 1, 1, 3, 3, 2, 4, 4, 1, 1, 3, 3, 2, 4, 4, 1, 1, 3]",75,113.1115608
case314,23,2.311561771,1.458042811,3,"[1, 3, 3, 2, 2, 4, 1, 1, 3, 3, 2, 2, 4, 1, 1, 3, 3, 2, 2, 4, 1, 3, 3]",69,222.5898759
case315,5,0.548562469,2.54489824,3,"[4, 1, 1, 3, 3]",15,2.357458115
case316,8,0.876455603,0.32551118,3,"[1, 3, 3, 2, 2, 4, 4, 1]",24,13.07962966
case317,4,0.53894887,3.010641343,3,"[1, 3, 3, 2]",12,1.185379267
case318,9,1.016639113,4.569348832,3,"[2, 4, 4, 1, 1, 3, 2, 2, 4]",27,10.65739751
case319,23,1.949911085,1.583401104,3,"[1, 3, 3, 2, 2, 4, 1, 1, 3, 3, 2, 2, 4, 1, 1, 3, 3, 2, 4, 0, 3, 0, 1]",69,3308.40093
case320,6,0.608593573,5.848433784,3,"[1, 3, 3, 2, 4, 1]",18,10.73527074
case321,23,2.508488263,1.88820156,3,"[1, 3, 3, 2, 2, 4, 1, 1, 3, 3, 2, 2, 4, 1, 1, 3, 3, 2, 2, 4, 1, 1, 1]",69,169.5168638
case322,12,1.278704992,2.635791599,3,"[4, 1, 1, 3, 3, 2, 4, 4, 1, 1, 3, 3]",36,19.95082784
case323,29,3.131980744,4.72842619,3,"[1, 3, 3, 2, 2, 4, 1, 1, 3, 3, 2, 2, 4, 1, 1, 3, 3, 2, 2, 4, 1, 1, 3, 3, 2, 2, 4, 1, 1]",87,165.8497844
case324,20,2.003854255,5.136111908,3,"[1, 3, 3, 2, 2, 4, 1, 1, 3, 3, 2, 2, 4, 1, 1, 3, 3, 2, 2, 1]",60,189.0274765
case325,9,0.986680252,1.484101815,3,"[1, 3, 3, 2, 2, 4, 1, 1, 3]",27,16.19541478
case326,20,1.850002292,2.270025135,3,"[2, 4, 4, 1, 1, 3, 2, 2, 4, 4, 1, 1, 3, 2, 2, 4, 4, 3, 1, 1]",60,615.6135042
case327,22,2.282406772,5.512837746,3,"[4, 1, 1, 3, 3, 2, 4, 4, 1, 1, 3, 3, 2, 4, 4, 1, 1, 3, 3, 2, 2, 4]",66,125.5244851
case328,13,1.146884615,4.629214751,3,"[1, 3, 3, 2, 2, 4, 4, 1, 1, 3, 3, 3, 4]",39,181.6138628
case329,21,2.241389688,0.273670223,3,"[1, 3, 3, 2, 4, 1, 1, 3, 3, 2, 2, 4, 4, 1, 3, 3, 2, 2, 4, 4, 1]",63,236.0072708
case330,12,1.404214749,2.773044818,3,"[4, 1, 1, 3, 3, 2, 4, 4, 1, 1, 3, 3]",36,23.25928211
case331,20,2.078109233,5.364569959,3,"[1, 3, 3, 2, 2, 4, 1, 1, 3, 3, 2, 2, 4, 1, 1, 3, 3, 2, 4, 4]",60,83.76384687
case332,18,2.035883713,0.220942809,3,"[2, 4, 4, 1, 1, 3, 2, 2, 4, 4, 1, 1, 3, 2, 2, 4, 4, 1]",54,54.90640473
case333,5,0.572117173,1.177287753,3,"[2, 4, 4, 1, 1]",15,2.023482561
case334,19,1.732723155,4.503263093,3,"[1, 3, 3, 2, 2, 4, 1, 1, 3, 3, 2, 2, 4, 1, 1, 3, 3, 3, 3]",57,521.316385
case335,13,1.283450991,4.768079588,3,"[1, 3, 3, 2, 2, 4, 4, 1, 1, 3, 2, 2, 2]",39,70.97429633
case336,9,0.901624133,1.573112491,3,"[1, 3, 3, 2, 2, 4, 1, 3, 3]",27,22.8981781
case337,16,1.639024125,0.109504726,3,"[4, 1, 1, 3, 3, 2, 4, 4, 1, 1, 3, 3, 2, 4, 4, 4]",48,48.5465703
case338,23,2.167781543,2.358712393,3,"[1, 3, 3, 2, 4, 1, 1, 3, 3, 2, 2, 4, 4, 1, 3, 3, 2, 2, 4, 4, 1, 1, 1]",69,615.1737401
case339,7,0.837687837,0.173920008,3,"[1, 3, 3, 2, 4, 1, 1]",21,18.05269027
case340,20,1.940190401,2.294694769,3,"[2, 4, 4, 1, 1, 3, 2, 2, 4, 4, 1, 1, 3, 2, 2, 4, 4, 1, 1, 1]",60,357.8293605
case341,11,1.055069271,4.218005399,3,"[1, 3, 3, 2, 4, 1, 1, 3, 3, 2, 4]",33,66.40609026
case342,18,1.809045268,1.86204317,3,"[4, 1, 1, 3, 3, 2, 4, 4, 1, 1, 3, 3, 2, 4, 4, 1, 1, 1]",54,116.2822332
case343,16,1.485685136,4.823250841,3,"[2, 4, 4, 1, 1, 3, 2, 2, 4, 4, 1, 1, 3, 2, 3, 2]",48,206.7780814
case344,18,1.484319503,3.282541157,3,"[1, 3, 3, 2, 2, 4, 4, 1, 1, 3, 2, 2, 4, 4, 3, 3, 0, 4]",54,4767.675898
case345,20,2.159086806,5.08075368,3,"[1, 3, 3, 2, 2, 4, 1, 1, 3, 3, 2, 2, 4, 1, 1, 3, 3, 2, 2, 4]",60,68.1271224
case346,8,0.799308186,0.639127867,3,"[1, 3, 3, 2, 2, 4, 1, 3]",24,13.24396586
case347,24,2.570594949,5.546335145,3,"[2, 4, 4, 1, 1, 3, 2, 2, 4, 4, 1, 1, 3, 2, 2, 4, 4, 1, 1, 3, 2, 2, 4, 4]",72,101.8840663
case348,13,1.044641661,5.177047494,3,"[1, 3, 3, 2, 2, 4, 1, 1, 3, 0, 0, 2, 2]",39,235.5973217
case349,22,2.158061806,1.348718575,3,"[1, 3, 3, 2, 4, 1, 1, 3, 3, 2, 2, 4, 4, 1, 3, 3, 2, 2, 4, 4, 1, 1]",66,343.8130076
case350,12,1.323826566,4.87282391,3,"[1, 3, 3, 2, 4, 1, 1, 3, 3, 2, 2, 4]",36,66.53701615
case351,19,2.057947114,2.682653757,3,"[4, 1, 1, 3, 3, 2, 4, 4, 1, 1, 3, 3, 2, 4, 4, 1, 1, 3, 3]",57,61.8626771
case352,27,2.950796559,5.542714418,3,"[1, 3, 3, 2, 2, 4, 1, 1, 3, 3, 2, 2, 4, 1, 1, 3, 3, 2, 2, 4, 1, 1, 3, 3, 2, 2, 4]",81,118.6555049
case353,14,1.265018105,6.211619379,3,"[1, 3, 3, 2, 2, 4, 1, 1, 3, 3, 2, 4, 4, 2]",42,138.6583178
case354,6,0.737032845,5.210848878,3,"[1, 3, 3, 2, 2, 4]",18,4.150246859
case355,17,1.603176872,2.565782091,3,"[1, 3, 3, 2, 2, 4, 1, 1, 3, 3, 2, 2, 4, 1, 3, 3, 0]",51,224.1097624
case356,21,2.376702184,5.97887476,3,"[1, 3, 3, 2, 2, 4, 1, 1, 3, 3, 2, 2, 4, 1, 1, 3, 3, 2, 2, 4, 1]",63,71.95033956
case357,12,1.009533615,2.911696567,3,"[4, 1, 1, 3, 3, 2, 4, 4, 1, 0, 2, 2]",36,74.14991164
case358,11,1.110477869,2.053588486,3,"[4, 1, 1, 3, 3, 2, 4, 4, 1, 3, 3]",33,28.45332789
case359,4,0.612993888,3.554364395,3,"[1, 3, 3, 2]",12,1.856235266
case360,7,0.624195543,6.190799563,3,"[1, 3, 3, 2, 2, 2, 1]",21,12.13945842
case361,8,0.91448331,4.032297041,3,"[2, 4, 4, 1, 1, 3, 2, 2]",24,7.889784336
case362,27,2.768493077,5.143422547,3,"[1, 3, 3, 2, 2, 4, 1, 1, 3, 3, 2, 2, 4, 1, 1, 3, 3, 2, 2, 4, 1, 1, 3, 3, 2, 0, 4]",81,288.3384857
case363,13,1.521436095,3.715178494,3,"[4, 1, 1, 3, 3, 2, 4, 4, 1, 1, 3, 3, 2]",39,27.25323033
case364,14,1.017038673,6.051558768,3,"[1, 3, 3, 2, 2, 4, 4, 1, 1, 2, 0, 0, 1, 1]",42,1864.939276
case365,4,0.528069853,0.585282978,3,"[2, 4, 4, 1]",12,1.160328865
case366,23,2.353109038,5.119784337,3,"[2, 4, 4, 1, 1, 3, 2, 2, 4, 4, 1, 1, 3, 2, 2, 4, 4, 1, 1, 3, 2, 2, 2]",69,128.4991255
case367,19,1.588882959,4.087519374,3,"[1, 3, 3, 2, 2, 4, 1, 1, 3, 3, 2, 2, 4, 1, 1, 1, 2, 0, 1]",57,3468.155831
case368,14,1.401208186,4.485581426,3,"[4, 1, 1, 3, 3, 2, 4, 4, 1, 1, 3, 3, 2, 0]",42,55.21239257
case369,26,2.696424652,2.328846839,3,"[4, 1, 1, 3, 3, 2, 4, 4, 1, 1, 3, 3, 2, 4, 4, 1, 1, 3, 3, 2, 4, 4, 1, 1, 3, 2]",78,192.7010856
case370,15,1.609689068,3.97064004,3,"[2, 4, 4, 1, 1, 3, 2, 2, 4, 4, 1, 1, 3, 2, 2]",45,36.62095881
case371,25,2.597587043,0.331789774,3,"[2, 4, 4, 1, 1, 3, 2, 2, 4, 4, 1, 1, 3, 2, 2, 4, 4, 1, 1, 3, 2, 2, 4, 4, 1]",75,152.6684473
case372,17,1.571288892,2.266968785,3,"[1, 3, 3, 2, 2, 4, 4, 1, 1, 3, 2, 2, 4, 4, 1, 0, 0]",51,328.3831286
case373,25,2.775145856,0.025510708,3,"[2, 4, 4, 1, 1, 3, 2, 2, 4, 4, 1, 1, 3, 2, 2, 4, 4, 1, 1, 3, 2, 2, 4, 4, 1]",75,105.3061218
case374,16,1.843363238,4.815337636,3,"[2, 4, 4, 1, 1, 3, 2, 2, 4, 4, 1, 1, 3, 2, 2, 4]",48,40.24769783
case375,23,2.283980932,1.618980533,3,"[1, 3, 3, 2, 2, 4, 1, 1, 3, 3, 2, 2, 4, 1, 1, 3, 3, 2, 2, 4, 1, 3, 1]",69,320.1342905
case376,23,2.358434011,1.942719645,3,"[1, 3, 3, 2, 2, 4, 1, 1, 3, 3, 2, 2, 4, 1, 1, 3, 3, 2, 2, 4, 1, 1, 1]",69,143.3987191
case377,12,1.205586643,3.905364492,3,"[1, 3, 3, 2, 2, 4, 4, 1, 1, 3, 3, 2]",36,32.85986829
case378,21,1.980235436,3.075504101,3,"[2, 4, 4, 1, 1, 3, 2, 2, 4, 4, 1, 1, 3, 2, 2, 4, 4, 1, 1, 1, 0]",63,426.7337048
case379,17,1.932609925,2.626019706,3,"[1, 3, 3, 2, 2, 4, 1, 1, 3, 3, 2, 2, 4, 1, 1, 3, 3]",51,50.89672852
case380,5,0.593577655,3.833092175,3,"[1, 3, 3, 2, 2]",15,5.249235392
case381,15,1.672559873,3.65256377,3,"[2, 4, 4, 1, 1, 3, 2, 2, 4, 4, 1, 1, 3, 2, 2]",45,33.45495462
case382,19,1.603508598,4.229563112,3,"[1, 3, 3, 2, 2, 4, 1, 1, 3, 3, 2, 2, 4, 1, 1, 3, 0, 0, 1]",57,2520.29575
case383,16,1.616637349,4.696964457,3,"[2, 4, 4, 1, 1, 3, 2, 2, 4, 4, 1, 1, 3, 2, 2, 2]",48,62.63325572
case384,22,2.446259937,5.430398864,3,"[4, 1, 1, 3, 3, 2, 4, 4, 1, 1, 3, 3, 2, 4, 4, 1, 1, 3, 3, 2, 4, 4]",66,90.43282342
case385,17,1.459542246,2.651635853,3,"[1, 3, 3, 2, 2, 4, 1, 1, 3, 3, 2, 2, 4, 4, 1, 4, 0]",51,1127.49157
case386,11,1.163569475,3.269392098,3,"[1, 3, 3, 2, 2, 4, 1, 1, 3, 3, 2]",33,23.12747312
case387,9,0.975332543,1.449116232,3,"[1, 3, 3, 2, 2, 4, 1, 1, 3]",27,16.01782227
case388,11,1.326885903,3.502679024,3,"[1, 3, 3, 2, 2, 4, 1, 1, 3, 3, 2]",33,16.69578362
case389,9,1.025708065,6.22355898,3,"[4, 1, 1, 3, 3, 2, 4, 4, 1]",27,11.95520234
case390,23,2.456914514,1.908408372,3,"[1, 3, 3, 2, 2, 4, 1, 1, 3, 3, 2, 2, 4, 1, 1, 3, 3, 2, 2, 4, 1, 1, 1]",69,164.2972889
case391,1,0.285859857,2.252298434,3,[3],3,0.029021502
case392,25,2.72593172,3.108000537,3,"[1, 3, 3, 2, 2, 4, 1, 1, 3, 3, 2, 2, 4, 1, 1, 3, 3, 2, 2, 4, 1, 1, 3, 3, 2]",75,121.0093641
case393,0,0.12878056,1.219239055,3,[],0,0.002998829
case394,12,1.396640598,2.867737512,3,"[4, 1, 1, 3, 3, 2, 4, 4, 1, 1, 3, 2]",36,29.37939811
case395,19,1.679974802,2.687489867,3,"[4, 1, 1, 3, 3, 2, 4, 4, 1, 1, 3, 3, 2, 4, 4, 0, 3, 2, 2]",57,1384.414534
case396,12,1.049740582,4.323420473,3,"[1, 3, 3, 2, 2, 4, 1, 1, 3, 0, 3, 4]",36,96.91316128
case397,27,2.981382645,5.530732323,3,"[1, 3, 3, 2, 2, 4, 1, 1, 3, 3, 2, 2, 4, 1, 1, 3, 3, 2, 2, 4, 1, 1, 3, 3, 2, 2, 4]",81,133.152159
case398,28,3.088501067,4.947627217,3,"[4, 1, 1, 3, 3, 2, 4, 4, 1, 1, 3, 3, 2, 4, 4, 1, 1, 3, 3, 2, 4, 4, 1, 1, 3, 3, 2, 4]",84,139.8385503
case399,0,0.182407843,1.42963288,3,[],0,0.004459858
case400,28,2.662413631,6.116661704,3,"[1, 3, 3, 2, 2, 4, 1, 1, 3, 3, 2, 2, 4, 1, 1, 3, 3, 2, 2, 4, 1, 1, 3, 3, 2, 4, 3, 4]",84,828.3751493
case401,25,2.747017482,2.033407867,3,"[4, 1, 1, 3, 3, 2, 4, 4, 1, 1, 3, 3, 2, 4, 4, 1, 1, 3, 3, 2, 4, 4, 1, 1, 3]",75,95.29135418
case402,8,0.832429183,2.27903303,3,"[3, 2, 2, 4, 4, 1, 3, 3]",24,13.23728204
case403,25,2.588537887,3.049089802,3,"[1, 3, 3, 2, 2, 4, 1, 1, 3, 3, 2, 2, 4, 1, 1, 3, 3, 2, 2, 4, 1, 1, 3, 2, 2]",75,213.726526
case404,9,1.106059845,1.622480821,3,"[1, 3, 3, 2, 2, 4, 1, 1, 3]",27,12.30825162
case405,0,0.182787623,0.019193477,3,[],0,0.003515244
case406,0,0.169799496,2.122816955,3,[],0,0.004546881
case407,24,2.425899753,2.620136896,3,"[1, 3, 3, 2, 2, 4, 1, 1, 3, 3, 2, 2, 4, 1, 1, 3, 3, 2, 2, 4, 1, 1, 3, 0]",72,269.2587736
case408,26,2.794802123,2.789620616,3,"[4, 1, 1, 3, 3, 2, 4, 4, 1, 1, 3, 3, 2, 4, 4, 1, 1, 3, 3, 2, 4, 4, 1, 1, 3, 3]",78,120.6667244
case409,28,3.044887412,5.063574096,3,"[4, 1, 1, 3, 3, 2, 4, 4, 1, 1, 3, 3, 2, 4, 4, 1, 1, 3, 3, 2, 4, 4, 1, 1, 3, 3, 2, 4]",84,130.1220019
case410,24,2.619084145,1.232606955,3,"[4, 1, 1, 3, 3, 2, 4, 4, 1, 1, 3, 3, 2, 4, 4, 1, 1, 3, 3, 2, 4, 4, 1, 1]",72,90.62032604
case411,10,1.042418099,0.73628546,3,"[4, 1, 1, 3, 3, 2, 4, 4, 1, 1]",30,18.68536448
case412,12,1.218414903,1.119300277,3,"[2, 4, 4, 1, 1, 3, 2, 2, 4, 4, 1, 3]",36,28.67414951
case413,12,1.359348927,2.681176444,3,"[4, 1, 1, 3, 3, 2, 4, 4, 1, 1, 3, 3]",36,19.55714059
case414,13,1.381227687,1.906706245,3,"[2, 4, 4, 1, 1, 3, 2, 2, 4, 4, 1, 1, 3]",39,25.49852967
case415,23,2.518048093,0.239557415,3,"[4, 1, 1, 3, 3, 2, 4, 4, 1, 1, 3, 3, 2, 4, 4, 1, 1, 3, 3, 2, 4, 4, 1]",69,86.86462903
case416,28,3.086572873,4.440749296,3,"[4, 1, 1, 3, 3, 2, 4, 4, 1, 1, 3, 3, 2, 4, 4, 1, 1, 3, 3, 2, 4, 4, 1, 1, 3, 3, 2, 4]",84,132.4866343
case417,0,0.120765397,2.293451667,3,[],0,0.002997875
case418,15,1.227166026,5.480096446,3,"[4, 1, 1, 3, 3, 2, 4, 4, 1, 1, 3, 2, 0, 4, 3]",45,378.6775992
case419,22,1.788662271,0.551376442,3,"[1, 3, 3, 2, 2, 4, 1, 1, 3, 3, 2, 2, 4, 1, 1, 3, 3, 0, 4, 1, 3, 3]",66,6391.026248
case420,23,2.105672981,4.945623022,3,"[2, 4, 4, 1, 1, 3, 2, 2, 4, 4, 1, 1, 3, 2, 2, 4, 4, 1, 1, 3, 0, 3, 2]",69,790.6524067
case421,5,0.553933224,5.39794807,3,"[3, 2, 2, 4, 4]",15,4.783751488
case422,15,1.602007672,5.241745474,3,"[4, 1, 1, 3, 3, 2, 4, 4, 1, 1, 3, 3, 2, 4, 4]",45,33.98306727
case423,13,1.159085427,5.035261355,3,"[1, 3, 3, 2, 2, 4, 4, 1, 1, 3, 3, 2, 1]",39,106.5093331
case424,18,1.626962862,1.995012799,3,"[4, 1, 1, 3, 3, 2, 4, 4, 1, 1, 3, 3, 2, 4, 4, 4, 0, 0]",54,423.7529013
case425,12,1.352156329,4.100940569,3,"[1, 3, 3, 2, 2, 4, 1, 1, 3, 3, 2, 2]",36,17.2962873
case426,17,1.696357123,2.149791348,3,"[1, 3, 3, 2, 2, 4, 4, 1, 1, 3, 2, 2, 4, 4, 1, 3, 2]",51,126.6581526
case427,2,0.252482701,4.492255533,3,"[2, 2]",6,0.497439623
case428,17,1.383616891,2.509598159,3,"[1, 3, 3, 2, 2, 4, 1, 1, 3, 3, 2, 2, 4, 0, 1, 0, 4]",51,889.3818696
case429,8,0.92806864,2.137962753,3,"[3, 2, 2, 4, 4, 1, 3, 3]",24,8.366779566
case430,23,2.253016272,2.281900657,3,"[1, 3, 3, 2, 4, 1, 1, 3, 3, 2, 2, 4, 4, 1, 3, 3, 2, 2, 4, 4, 1, 1, 3]",69,454.1586533
case431,9,0.926043067,3.308556843,3,"[3, 2, 2, 4, 4, 1, 3, 3, 2]",27,14.63856006
case432,14,1.379692168,0.471431108,3,"[1, 3, 3, 2, 4, 1, 1, 3, 3, 2, 2, 4, 4, 1]",42,55.80477524
case433,8,0.848845977,5.204260233,3,"[4, 1, 1, 3, 3, 2, 2, 4]",24,7.02902627
case434,4,0.627669622,3.370176115,3,"[1, 3, 3, 2]",12,1.614855766
case435,6,0.68729226,3.365873034,3,"[4, 1, 1, 3, 3, 2]",18,2.853462458
case436,22,2.327591388,5.281161192,3,"[4, 1, 1, 3, 3, 2, 4, 4, 1, 1, 3, 3, 2, 4, 4, 1, 1, 3, 3, 2, 4, 4]",66,73.77924395
case437,25,2.498851268,2.953746321,3,"[1, 3, 3, 2, 2, 4, 1, 1, 3, 3, 2, 2, 4, 1, 1, 3, 3, 2, 2, 4, 1, 1, 3, 3, 4]",75,320.4308448
case438,27,2.959981259,2.794763679,3,"[2, 4, 4, 1, 1, 3, 2, 2, 4, 4, 1, 1, 3, 2, 2, 4, 4, 1, 1, 3, 2, 2, 4, 4, 1, 1, 3]",81,114.9987626
case439,3,0.368703941,5.479124472,3,"[2, 4, 4]",9,0.242179632
case440,27,2.958808659,2.4105501,3,"[2, 4, 4, 1, 1, 3, 2, 2, 4, 4, 1, 1, 3, 2, 2, 4, 4, 1, 1, 3, 2, 2, 4, 4, 1, 1, 3]",81,114.3980691
case441,19,2.063857619,4.807410162,3,"[1, 3, 3, 2, 4, 1, 1, 3, 3, 2, 2, 4, 4, 1, 3, 3, 2, 2, 4]",57,160.3199959
case442,14,1.242936054,3.075044986,3,"[2, 4, 4, 1, 1, 3, 2, 2, 4, 4, 1, 3, 0, 0]",42,118.445503
case443,25,2.732672427,1.611912871,3,"[4, 1, 1, 3, 3, 2, 4, 4, 1, 1, 3, 3, 2, 4, 4, 1, 1, 3, 3, 2, 4, 4, 1, 1, 3]",75,100.0660141
case444,15,1.4277165,0.741148155,3,"[1, 3, 3, 2, 2, 4, 1, 1, 3, 3, 2, 2, 4, 4, 4]",45,79.34673905
case445,10,1.173838924,0.87516474,3,"[4, 1, 1, 3, 3, 2, 4, 4, 1, 1]",30,9.861845732
case446,28,3.029914559,2.656496795,3,"[2, 4, 4, 1, 1, 3, 2, 2, 4, 4, 1, 1, 3, 2, 2, 4, 4, 1, 1, 3, 2, 2, 4, 4, 1, 1, 3, 2]",84,113.0798855
case447,27,2.893996282,5.460975637,3,"[1, 3, 3, 2, 2, 4, 1, 1, 3, 3, 2, 2, 4, 1, 1, 3, 3, 2, 2, 4, 1, 1, 3, 3, 2, 2, 4]",81,98.99538779
case448,8,0.97513883,2.146977789,3,"[3, 2, 2, 4, 4, 1, 3, 3]",24,6.464856148
case449,18,1.735388085,3.951940356,3,"[1, 3, 3, 2, 4, 1, 1, 3, 3, 2, 2, 4, 4, 1, 3, 3, 3, 2]",54,152.9894388
case450,27,2.937711976,2.140377732,3,"[2, 4, 4, 1, 1, 3, 2, 2, 4, 4, 1, 1, 3, 2, 2, 4, 4, 1, 1, 3, 2, 2, 4, 4, 1, 1, 3]",81,116.8421271
case451,17,1.563925378,5.701360986,3,"[2, 4, 4, 1, 1, 3, 2, 2, 4, 4, 1, 1, 3, 3, 2, 2, 2]",51,339.333672
case452,18,1.560530194,3.384241711,3,"[1, 3, 3, 2, 2, 4, 1, 1, 3, 3, 2, 2, 4, 4, 1, 3, 4, 0]",54,1450.557079
case453,27,2.829148059,3.53497962,3,"[4, 1, 1, 3, 3, 2, 4, 4, 1, 1, 3, 3, 2, 4, 4, 1, 1, 3, 3, 2, 4, 4, 1, 1, 3, 3, 2]",81,132.1424699
case454,3,0.324041868,2.527140403,3,"[1, 3, 3]",9,0.269353867
case455,17,1.920330306,5.714680683,3,"[2, 4, 4, 1, 1, 3, 2, 2, 4, 4, 1, 1, 3, 2, 2, 4, 4]",51,40.96447992
case456,2,0.404869553,3.476377592,3,"[3, 2]",6,0.1301682
case457,8,0.782816569,0.650877654,3,"[1, 3, 3, 2, 2, 4, 0, 1]",24,14.15466452
case458,5,0.602418066,2.472857098,3,"[4, 1, 1, 3, 3]",15,2.191696167
case459,1,0.249918293,5.658103074,3,[4],3,0.033003569
case460,14,1.35183941,0.460984956,3,"[1, 3, 3, 2, 4, 1, 1, 3, 3, 2, 2, 4, 1, 1]",42,112.6813974
case461,8,0.839736889,2.439931471,3,"[3, 2, 2, 4, 4, 1, 3, 3]",24,9.859776258
case462,1,0.228531233,1.845995813,3,[3],3,0.023166895
case463,27,2.96393366,5.836780598,3,"[1, 3, 3, 2, 2, 4, 1, 1, 3, 3, 2, 2, 4, 1, 1, 3, 3, 2, 2, 4, 1, 1, 3, 3, 2, 2, 4]",81,107.7369428
case464,8,0.804178422,0.881602243,3,"[1, 3, 3, 2, 2, 4, 1, 3]",24,11.13343096
case465,26,2.614011221,1.345627409,3,"[2, 4, 4, 1, 1, 3, 2, 2, 4, 4, 1, 1, 3, 2, 2, 4, 4, 1, 1, 3, 2, 2, 4, 4, 0, 1]",78,291.9300287
case466,5,0.551852457,2.76555887,3,"[4, 1, 1, 3, 3]",15,2.011859655
case467,28,3.088502945,4.803254077,3,"[4, 1, 1, 3, 3, 2, 4, 4, 1, 1, 3, 3, 2, 4, 4, 1, 1, 3, 3, 2, 4, 4, 1, 1, 3, 3, 2, 4]",84,119.6500294
case468,9,1.03451491,6.09927143,3,"[4, 1, 1, 3, 3, 2, 4, 4, 1]",27,10.37314582
case469,21,2.098906771,4.737959747,3,"[4, 1, 1, 3, 3, 2, 4, 4, 1, 1, 3, 3, 2, 4, 4, 1, 1, 3, 3, 2, 0]",63,177.4926054
case470,17,1.468326608,2.546249477,3,"[1, 3, 3, 2, 2, 4, 4, 1, 3, 3, 2, 2, 4, 1, 3, 0, 0]",51,528.705982
case471,29,3.014215004,1.314070758,3,"[1, 3, 3, 2, 2, 4, 1, 1, 3, 3, 2, 2, 4, 1, 1, 3, 3, 2, 2, 4, 1, 1, 3, 3, 2, 2, 4, 1, 1]",87,153.3064694
case472,2,0.341310367,5.992539634,3,"[4, 1]",6,0.126398325
case473,28,3.053276706,4.430997249,3,"[4, 1, 1, 3, 3, 2, 4, 4, 1, 1, 3, 3, 2, 4, 4, 1, 1, 3, 3, 2, 4, 4, 1, 1, 3, 3, 2, 4]",84,113.5247335
case474,8,0.918092281,1.145720886,3,"[1, 3, 3, 2, 4, 1, 1, 3]",24,21.24382854
case475,8,0.718722915,1.13339263,3,"[1, 3, 3, 2, 4, 1, 1, 1]",24,18.50372124
case476,11,1.027996976,2.019767126,3,"[4, 1, 1, 3, 3, 2, 4, 4, 1, 3, 1]",33,34.34982204
case477,18,1.911403193,0.217682623,3,"[2, 4, 4, 1, 1, 3, 2, 2, 4, 4, 1, 1, 3, 2, 2, 4, 4, 1]",54,40.67180943
case478,26,2.79222764,4.256119715,3,"[1, 3, 3, 2, 2, 4, 1, 1, 3, 3, 2, 2, 4, 1, 1, 3, 3, 2, 2, 4, 1, 1, 3, 3, 2, 2]",78,100.7699986
case479,5,0.6605305,4.641164378,3,"[1, 3, 3, 2, 4]",15,5.389265299
case480,29,3.126564104,2.121171812,3,"[4, 1, 1, 3, 3, 2, 4, 4, 1, 1, 3, 3, 2, 4, 4, 1, 1, 3, 3, 2, 4, 4, 1, 1, 3, 3, 2, 4, 4]",87,132.8211861
case481,28,2.856438988,0.024125708,3,"[1, 3, 3, 2, 2, 4, 1, 1, 3, 3, 2, 2, 4, 1, 1, 3, 3, 2, 2, 4, 1, 1, 3, 3, 2, 2, 4, 4]",84,286.3180368
case482,6,0.742081876,1.896439908,3,"[2, 4, 4, 1, 1, 3]",18,3.273860931
case483,15,1.639734763,3.79534395,3,"[2, 4, 4, 1, 1, 3, 2, 2, 4, 4, 1, 1, 3, 2, 2]",45,29.53608823
case484,25,2.605232076,2.179007932,3,"[4, 1, 1, 3, 3, 2, 4, 4, 1, 1, 3, 3, 2, 4, 4, 1, 1, 3, 3, 2, 4, 4, 1, 1, 3]",75,124.5241361
case485,12,1.302506499,4.059953439,3,"[1, 3, 3, 2, 2, 4, 1, 1, 3, 3, 2, 2]",36,16.97023845
case486,21,2.175731032,6.014508822,3,"[1, 3, 3, 2, 2, 4, 1, 1, 3, 3, 2, 2, 4, 1, 1, 3, 3, 2, 2, 4, 1]",63,82.5089395
case487,25,2.71997653,2.209462553,3,"[4, 1, 1, 3, 3, 2, 4, 4, 1, 1, 3, 3, 2, 4, 4, 1, 1, 3, 3, 2, 4, 4, 1, 1, 3]",75,81.76549315
case488,26,2.824863563,2.627874504,3,"[4, 1, 1, 3, 3, 2, 4, 4, 1, 1, 3, 3, 2, 4, 4, 1, 1, 3, 3, 2, 4, 4, 1, 1, 3, 3]",78,102.9907124
case489,3,0.489499792,1.344301108,3,"[4, 1, 3]",9,3.148548126
case490,7,0.683040974,4.713088074,3,"[4, 1, 1, 3, 3, 2, 4]",21,8.444828033
case491,7,0.738432863,4.565749549,3,"[4, 1, 1, 3, 3, 2, 4]",21,5.213186264
case492,10,1.075508109,2.50067836,3,"[1, 3, 3, 2, 2, 4, 1, 1, 3, 3]",30,11.11867046
case493,17,1.522429129,0.963635684,3,"[4, 1, 1, 3, 3, 2, 4, 4, 1, 1, 3, 3, 2, 2, 1, 0, 3]",51,449.857842
case494,23,2.469824123,1.89711952,3,"[1, 3, 3, 2, 2, 4, 1, 1, 3, 3, 2, 2, 4, 1, 1, 3, 3, 2, 2, 4, 1, 1, 1]",69,131.7595303
case495,5,0.627194157,5.641138938,3,"[3, 2, 2, 4, 4]",15,2.125089645
case496,26,2.808324038,4.928800885,3,"[1, 3, 3, 2, 2, 4, 1, 1, 3, 3, 2, 2, 4, 1, 1, 3, 3, 2, 2, 4, 1, 1, 3, 3, 2, 2]",78,102.0336463
case497,2,0.334206576,4.888586348,3,"[2, 4]",6,0.138007402
case498,9,1.042787889,1.467907527,3,"[1, 3, 3, 2, 2, 4, 1, 1, 3]",27,13.05438471
case499,18,1.74843209,0.436207392,3,"[2, 4, 4, 1, 1, 3, 2, 2, 4, 4, 1, 1, 3, 2, 2, 4, 1, 4]",54,145.9789069
case500,23,2.199463099,4.922729609,3,"[2, 4, 4, 1, 1, 3, 2, 2, 4, 4, 1, 1, 3, 2, 2, 4, 4, 1, 1, 3, 3, 0, 2]",69,428.4204409
case501,20,1.992038518,5.778825927,3,"[1, 3, 3, 2, 4, 1, 1, 3, 3, 2, 2, 4, 4, 1, 3, 3, 2, 2, 4, 4]",60,149.3963497
case502,2,0.358206075,6.192151286,3,"[4, 1]",6,0.127002716
case503,7,0.818755992,5.904478747,3,"[1, 3, 3, 2, 2, 4, 1]",21,4.768236399
case504,9,0.925955056,3.33880253,3,"[3, 2, 2, 4, 4, 1, 3, 3, 2]",27,13.77811718
case505,20,1.919799519,3.702829403,3,"[4, 1, 1, 3, 3, 2, 4, 4, 1, 1, 3, 3, 2, 4, 4, 1, 1, 1, 0, 2]",60,266.479856
case506,16,1.512494134,0.063217087,3,"[4, 1, 1, 3, 3, 2, 4, 4, 1, 1, 3, 3, 2, 2, 4, 3]",48,154.8469481
case507,13,1.320929882,2.384455311,3,"[2, 4, 4, 1, 3, 2, 2, 4, 4, 1, 1, 3, 3]",39,52.64319587
case508,3,0.366096249,0.771842237,3,"[4, 1, 1]",9,0.219004393
case509,17,1.716977237,3.229812588,3,"[1, 3, 3, 2, 4, 1, 1, 3, 3, 2, 2, 4, 4, 1, 3, 3, 2]",51,123.5571797
case510,14,1.34439058,0.443270325,3,"[1, 3, 3, 2, 4, 1, 1, 3, 3, 2, 2, 4, 1, 1]",42,94.46266508
case511,10,1.034372521,5.663637974,3,"[2, 4, 4, 1, 1, 3, 2, 2, 4, 4]",30,15.57243919
case512,6,0.696559789,3.320160445,3,"[4, 1, 1, 3, 3, 2]",18,3.009084702
case513,10,1.025026284,1.190144159,3,"[4, 1, 1, 3, 3, 2, 4, 4, 1, 3]",30,15.69944263
case514,5,0.585937155,1.020744398,3,"[2, 4, 4, 1, 1]",15,1.601044178
case515,12,1.285775923,1.011223966,3,"[2, 4, 4, 1, 1, 3, 2, 2, 4, 4, 1, 1]",36,16.48546529
case516,24,2.12296618,3.287522172,3,"[1, 3, 3, 2, 4, 1, 1, 3, 3, 2, 2, 4, 4, 1, 3, 3, 2, 2, 4, 4, 4, 1, 3, 1]",72,1207.650988
case517,26,2.821106564,1.644110614,3,"[2, 4, 4, 1, 1, 3, 2, 2, 4, 4, 1, 1, 3, 2, 2, 4, 4, 1, 1, 3, 2, 2, 4, 4, 1, 1]",78,113.354208
case518,0,0.003529591,3.792058291,3,[],0,0.001998425
case519,20,2.138737923,2.275313735,3,"[2, 4, 4, 1, 1, 3, 2, 2, 4, 4, 1, 1, 3, 2, 2, 4, 4, 1, 1, 3]",60,60.67471647
case520,12,1.419983104,3.948477599,3,"[1, 3, 3, 2, 2, 4, 4, 1, 1, 3, 2, 2]",36,33.72595406
case521,9,0.883888195,1.598229804,3,"[1, 3, 3, 2, 2, 4, 1, 3, 3]",27,17.67649579
case522,2,0.295491229,4.49844113,3,"[2, 4]",6,0.13300252
case523,29,3.138901382,1.428335102,3,"[1, 3, 3, 2, 2, 4, 1, 1, 3, 3, 2, 2, 4, 1, 1, 3, 3, 2, 2, 4, 1, 1, 3, 3, 2, 2, 4, 1, 1]",87,112.5801859
case524,12,1.291295158,1.009977358,3,"[2, 4, 4, 1, 1, 3, 2, 2, 4, 4, 1, 1]",36,16.46746516
case525,21,2.240868129,5.942379723,3,"[1, 3, 3, 2, 2, 4, 1, 1, 3, 3, 2, 2, 4, 1, 1, 3, 3, 2, 2, 4, 1]",63,58.52265429
case526,20,2.276088462,5.27637989,3,"[1, 3, 3, 2, 2, 4, 1, 1, 3, 3, 2, 2, 4, 1, 1, 3, 3, 2, 2, 4]",60,55.52507806
case527,28,3.098088049,0.22064123,3,"[1, 3, 3, 2, 2, 4, 1, 1, 3, 3, 2, 2, 4, 1, 1, 3, 3, 2, 2, 4, 1, 1, 3, 3, 2, 2, 4, 1]",84,110.4261236
case528,15,1.352997582,1.377244532,3,"[1, 3, 3, 2, 4, 1, 1, 3, 3, 2, 2, 4, 1, 1, 1]",45,506.182323
case529,9,1.006125297,3.199144511,3,"[3, 2, 2, 4, 4, 1, 3, 3, 2]",27,10.60929966
case530,2,0.309985956,4.880954076,3,"[2, 4]",6,0.13500309
case531,29,2.972478162,1.238667617,3,"[1, 3, 3, 2, 2, 4, 1, 1, 3, 3, 2, 2, 4, 1, 1, 3, 3, 2, 2, 4, 1, 1, 3, 3, 2, 2, 4, 0, 1]",87,324.6453607
case532,19,1.981476415,2.574120947,3,"[4, 1, 1, 3, 3, 2, 4, 4, 1, 1, 3, 3, 2, 4, 4, 1, 1, 3, 3]",57,67.07734656
case533,28,3.06569657,5.742379095,3,"[1, 3, 3, 2, 2, 4, 1, 1, 3, 3, 2, 2, 4, 1, 1, 3, 3, 2, 2, 4, 1, 1, 3, 3, 2, 2, 4, 1]",84,108.3796217
case534,2,0.355385876,1.528813188,3,"[1, 3]",6,1.861036301
case535,0,0.167853491,4.829794708,3,[],0,0.001999855
case536,19,1.545374617,4.190655509,3,"[1, 3, 3, 2, 2, 4, 1, 1, 3, 3, 2, 2, 4, 4, 0, 0, 3, 1, 2]",57,8208.401239
case537,17,1.32612456,2.408204619,3,"[1, 3, 3, 2, 2, 4, 1, 1, 3, 3, 2, 2, 2, 4, 4, 0, 0]",51,2676.198829
case538,16,1.79160944,4.749740911,3,"[2, 4, 4, 1, 1, 3, 2, 2, 4, 4, 1, 1, 3, 2, 2, 4]",48,33.43135977
case539,22,2.061260657,3.982196629,3,"[2, 4, 4, 1, 1, 3, 2, 2, 4, 4, 1, 1, 3, 2, 2, 4, 4, 1, 1, 3, 3, 1]",66,553.4539959
case540,22,2.303574987,3.739542561,3,"[2, 4, 4, 1, 1, 3, 2, 2, 4, 4, 1, 1, 3, 2, 2, 4, 4, 1, 1, 3, 2, 2]",66,87.03734922
case541,6,0.837438938,1.981815477,3,"[2, 4, 4, 1, 1, 3]",18,4.158965588
case542,14,1.350128477,0.008721547,3,"[1, 3, 3, 2, 2, 4, 1, 1, 3, 3, 2, 4, 1, 1]",42,77.00671601
case543,15,1.590452251,5.331059641,3,"[4, 1, 1, 3, 3, 2, 4, 4, 1, 1, 3, 3, 2, 4, 4]",45,32.37793231
case544,24,2.634824133,5.671492309,3,"[2, 4, 4, 1, 1, 3, 2, 2, 4, 4, 1, 1, 3, 2, 2, 4, 4, 1, 1, 3, 2, 2, 4, 4]",72,84.1039083
case545,14,1.185632904,6.173445659,3,"[1, 3, 3, 2, 2, 4, 1, 1, 3, 3, 2, 3, 0, 1]",42,195.9145763
case546,3,0.353512867,1.298271909,3,"[4, 1, 1]",9,0.203022957
case547,28,2.853782594,0.252740796,3,"[1, 3, 3, 2, 2, 4, 1, 1, 3, 3, 2, 2, 4, 1, 1, 3, 3, 2, 2, 4, 1, 1, 3, 3, 2, 2, 4, 4]",84,285.5480313
case548,26,2.742372109,4.68717149,3,"[1, 3, 3, 2, 2, 4, 1, 1, 3, 3, 2, 2, 4, 1, 1, 3, 3, 2, 2, 4, 1, 1, 3, 3, 2, 2]",78,102.5354011
case549,5,0.612781632,3.128027839,3,"[4, 1, 1, 3, 2]",15,4.510256767
case550,15,1.554132305,1.197776447,3,"[1, 3, 3, 2, 4, 1, 1, 3, 3, 2, 2, 4, 4, 1, 3]",45,92.51514459
case551,0,0.066533769,1.95215418,3,[],0,0.003004313
case552,10,1.167917179,5.517428585,3,"[2, 4, 4, 1, 1, 3, 2, 2, 4, 4]",30,12.54481125
case553,15,1.561640222,1.209168662,3,"[1, 3, 3, 2, 4, 1, 1, 3, 3, 2, 2, 4, 4, 1, 3]",45,92.80678797
case554,21,2.278420982,5.854708974,3,"[1, 3, 3, 2, 2, 4, 1, 1, 3, 3, 2, 2, 4, 1, 1, 3, 3, 2, 2, 4, 1]",63,57.21167302
case555,8,0.999352791,2.114705591,3,"[3, 2, 2, 4, 4, 1, 3, 3]",24,6.746777773
case556,23,2.38684586,5.001216288,3,"[2, 4, 4, 1, 1, 3, 2, 2, 4, 4, 1, 1, 3, 2, 2, 4, 4, 1, 1, 3, 2, 2, 2]",69,112.0524671
case557,3,0.37272022,0.831087542,3,"[4, 1, 1]",9,0.196784973
case558,5,0.51163928,2.569925132,3,"[4, 1, 1, 3, 3]",15,4.181966782
case559,0,0.146403468,3.648184101,3,[],0,0.001981735
case560,28,2.923775137,0.321607806,3,"[1, 3, 3, 2, 2, 4, 1, 1, 3, 3, 2, 2, 4, 1, 1, 3, 3, 2, 2, 4, 1, 1, 3, 3, 2, 2, 4, 1]",84,115.0529523
case561,15,1.324213197,2.347457486,3,"[3, 2, 2, 4, 4, 1, 3, 3, 2, 2, 4, 1, 1, 2, 2]",45,252.9546323
case562,21,1.981362908,3.112238155,3,"[2, 4, 4, 1, 1, 3, 2, 2, 4, 4, 1, 1, 3, 2, 2, 4, 4, 1, 1, 1, 0]",63,383.5318773
case563,3,0.48350017,2.690792293,3,"[1, 3, 3]",9,0.58318162
case564,25,2.700584505,2.994099105,3,"[1, 3, 3, 2, 2, 4, 1, 1, 3, 3, 2, 2, 4, 1, 1, 3, 3, 2, 2, 4, 1, 1, 3, 3, 2]",75,104.168201
case565,22,2.22006156,0.8718427,3,"[1, 3, 3, 2, 2, 4, 1, 1, 3, 3, 2, 2, 4, 1, 1, 3, 3, 2, 2, 4, 4, 3]",66,179.0695186
case566,22,2.008907461,1.409355624,3,"[1, 3, 3, 2, 4, 1, 1, 3, 3, 2, 2, 4, 4, 1, 3, 3, 2, 2, 4, 4, 4, 1]",66,1104.134605
case567,0,0.103492398,5.539938823,3,[],0,0.00198555
case568,9,0.99746781,1.371966949,3,"[1, 3, 3, 2, 2, 4, 1, 1, 3]",27,13.57704282
case569,21,2.330401993,4.658374041,3,"[4, 1, 1, 3, 3, 2, 4, 4, 1, 1, 3, 3, 2, 4, 4, 1, 1, 3, 3, 2, 4]",63,65.40093231
case570,22,2.305193056,1.096400978,3,"[1, 3, 3, 2, 4, 1, 1, 3, 3, 2, 2, 4, 4, 1, 3, 3, 2, 2, 4, 4, 1, 3]",66,214.6805606
case571,26,2.854985869,2.666504468,3,"[4, 1, 1, 3, 3, 2, 4, 4, 1, 1, 3, 3, 2, 4, 4, 1, 1, 3, 3, 2, 4, 4, 1, 1, 3, 3]",78,110.7617879
case572,17,1.695517273,3.239984889,3,"[1, 3, 3, 2, 4, 1, 1, 3, 3, 2, 2, 4, 4, 1, 3, 3, 2]",51,114.358314
case573,0,0.017587643,4.437163927,3,[],0,0.001023769
case574,12,1.347654723,2.806361507,3,"[4, 1, 1, 3, 3, 2, 4, 4, 1, 1, 3, 3]",36,17.85506725
case575,11,1.001033526,4.084886673,3,"[1, 3, 3, 2, 4, 1, 1, 3, 3, 2, 4]",33,47.86409545
case576,9,0.875872231,1.650221531,3,"[1, 3, 3, 2, 2, 4, 1, 3, 3]",27,18.61412835
case577,8,0.755463688,0.57031608,3,"[1, 3, 3, 2, 2, 4, 0, 1]",24,13.2569797
case578,19,1.678492704,1.315129392,3,"[2, 4, 4, 1, 1, 3, 2, 2, 4, 4, 1, 1, 3, 2, 2, 2, 1, 0, 0]",57,938.4181263
case579,6,0.6711894,1.638721988,3,"[2, 4, 4, 1, 1, 3]",18,5.022281885
case580,8,0.818483381,2.821983021,3,"[3, 2, 2, 4, 1, 3, 3, 2]",24,19.81158614
case581,15,1.449716548,0.850310933,3,"[1, 3, 3, 2, 2, 4, 1, 1, 3, 3, 2, 2, 4, 4, 0]",45,76.66068316
case582,20,2.12231035,2.05193595,3,"[2, 4, 4, 1, 1, 3, 2, 2, 4, 4, 1, 1, 3, 2, 2, 4, 4, 1, 1, 3]",60,57.998528
case583,17,1.731805138,5.732973047,3,"[2, 4, 4, 1, 1, 3, 2, 2, 4, 4, 1, 1, 3, 2, 2, 2, 4]",51,49.70990181
case584,26,2.770848731,2.289115728,3,"[4, 1, 1, 3, 3, 2, 4, 4, 1, 1, 3, 3, 2, 4, 4, 1, 1, 3, 3, 2, 4, 4, 1, 1, 3, 2]",78,120.421556
case585,25,2.52728164,0.51263511,3,"[2, 4, 4, 1, 1, 3, 2, 2, 4, 4, 1, 1, 3, 2, 2, 4, 4, 1, 1, 3, 2, 2, 4, 4, 4]",75,202.3669739
case586,18,1.633650086,4.039583212,3,"[1, 3, 3, 2, 4, 1, 1, 3, 3, 2, 2, 4, 4, 1, 3, 3, 3, 2]",54,1128.889963
case587,24,2.243781892,3.378676236,3,"[1, 3, 3, 2, 4, 1, 1, 3, 3, 2, 2, 4, 4, 1, 3, 3, 2, 2, 4, 4, 1, 1, 1, 3]",72,980.772949
case588,18,1.885435466,3.295038358,3,"[1, 3, 3, 2, 2, 4, 1, 1, 3, 3, 2, 2, 4, 1, 1, 3, 3, 2]",54,56.95874238
case589,0,0.148700019,1.759325263,3,[],0,0.001999378
case590,17,1.657594294,2.596458964,3,"[1, 3, 3, 2, 2, 4, 1, 1, 3, 3, 2, 2, 4, 1, 1, 1, 2]",51,153.9178743
case591,0,0.084890278,4.305665784,3,[],0,0.001981497
case592,23,2.448333859,4.458345326,3,"[2, 4, 4, 1, 1, 3, 2, 2, 4, 4, 1, 1, 3, 2, 2, 4, 4, 1, 1, 3, 2, 2, 4]",69,86.44323778
case593,0,0.08060785,1.676991929,3,[],0,0.001999617
case594,5,0.61226213,5.61622062,3,"[3, 2, 2, 4, 4]",15,1.965089798
case595,26,2.691603081,4.775610325,3,"[1, 3, 3, 2, 2, 4, 1, 1, 3, 3, 2, 2, 4, 1, 1, 3, 3, 2, 2, 4, 1, 1, 3, 3, 2, 2]",78,140.9249742
case596,0,0.18642603,3.2606489,3,[],0,0.001997948
case597,17,1.411822314,2.289464432,3,"[1, 3, 3, 2, 2, 4, 1, 1, 3, 3, 2, 2, 4, 1, 0, 1, 4]",51,964.2704964
case598,19,1.668998069,1.12422107,3,"[2, 4, 4, 1, 1, 3, 2, 2, 4, 4, 1, 1, 3, 2, 2, 0, 0, 4, 3]",57,1007.41337
case599,5,0.519984037,5.427837335,3,"[3, 2, 2, 4, 4]",15,5.55801177
case600,23,2.20221944,4.862699046,3,"[2, 4, 4, 1, 1, 3, 2, 2, 4, 4, 1, 1, 3, 2, 2, 4, 4, 1, 1, 3, 2, 3, 2]",69,520.7757602
case601,8,0.753743859,2.412379226,3,"[3, 2, 2, 4, 4, 1, 3, 2]",24,12.46850538
case602,28,2.996283231,0.48161501,3,"[1, 3, 3, 2, 2, 4, 1, 1, 3, 3, 2, 2, 4, 1, 1, 3, 3, 2, 2, 4, 1, 1, 3, 3, 2, 2, 4, 1]",84,113.5985103
case603,7,0.715729318,2.898612767,3,"[2, 4, 4, 1, 1, 3, 3]",21,8.025861979
case604,8,0.809701629,0.434254343,3,"[1, 3, 3, 2, 2, 4, 4, 1]",24,11.58720899
case605,7,0.785117972,0.012853017,3,"[1, 3, 3, 2, 2, 4, 1]",21,6.68274498
case606,25,2.627143533,3.111848021,3,"[1, 3, 3, 2, 2, 4, 1, 1, 3, 3, 2, 2, 4, 1, 1, 3, 3, 2, 2, 4, 1, 1, 3, 3, 2]",75,113.4063909
case607,25,2.311570481,3.48455202,3,"[1, 3, 3, 2, 2, 4, 1, 1, 3, 3, 2, 2, 4, 1, 1, 3, 3, 2, 2, 4, 1, 1, 0, 0, 0]",75,842.6086531
case608,21,2.074893367,6.098813446,3,"[1, 3, 3, 2, 2, 4, 1, 1, 3, 3, 2, 2, 4, 1, 1, 3, 3, 2, 2, 1, 1]",63,233.5117753
case609,3,0.419837015,4.748194221,3,"[3, 2, 4]",9,2.625750542
case610,28,3.104120291,3.02180834,3,"[2, 4, 4, 1, 1, 3, 2, 2, 4, 4, 1, 1, 3, 2, 2, 4, 4, 1, 1, 3, 2, 2, 4, 4, 1, 1, 3, 2]",84,128.5255172
case611,24,2.539323982,0.917930028,3,"[4, 1, 1, 3, 3, 2, 4, 4, 1, 1, 3, 3, 2, 4, 4, 1, 1, 3, 3, 2, 4, 4, 1, 1]",72,80.48085999
case612,29,2.925206666,1.483573457,3,"[1, 3, 3, 2, 2, 4, 1, 1, 3, 3, 2, 2, 4, 1, 1, 3, 3, 2, 2, 4, 1, 1, 3, 3, 2, 2, 4, 0, 1]",87,325.3364625
case613,21,2.112169496,4.820418617,3,"[4, 1, 1, 3, 3, 2, 4, 4, 1, 1, 3, 3, 2, 4, 4, 1, 1, 3, 3, 2, 2]",63,245.815706
case614,11,0.968918959,2.644244525,3,"[4, 1, 1, 3, 2, 4, 4, 1, 1, 3, 2]",33,52.36444759
case615,23,2.475912226,6.040825014,3,"[4, 1, 1, 3, 3, 2, 4, 4, 1, 1, 3, 3, 2, 4, 4, 1, 1, 3, 3, 2, 4, 4, 1]",69,73.51024795
case616,21,2.065305554,6.062667307,3,"[1, 3, 3, 2, 2, 4, 1, 1, 3, 3, 2, 2, 4, 1, 1, 3, 3, 2, 4, 2, 1]",63,231.3140182
case617,21,1.926783426,0.012582234,3,"[1, 3, 3, 2, 2, 4, 1, 1, 3, 3, 2, 2, 4, 1, 1, 3, 3, 2, 0, 4, 2]",63,653.3466733
case618,0,0.142961067,0.004508996,3,[],0,0.001995564
case619,2,0.319857999,6.135798568,3,"[4, 1]",6,0.120876074
case620,16,1.69190083,1.679697028,3,"[1, 3, 3, 2, 2, 4, 1, 1, 3, 3, 2, 2, 4, 1, 1, 3]",48,29.52341771
case621,3,0.505865392,5.504803099,3,"[2, 4, 4]",9,0.541155815
case622,27,2.958742274,1.792004394,3,"[2, 4, 4, 1, 1, 3, 2, 2, 4, 4, 1, 1, 3, 2, 2, 4, 4, 1, 1, 3, 2, 2, 4, 4, 1, 1, 3]",81,116.2963023
case623,19,1.836642871,1.225970528,3,"[2, 4, 4, 1, 1, 3, 2, 2, 4, 4, 1, 1, 3, 2, 2, 4, 1, 4, 3]",57,204.8640814
case624,18,1.714596956,3.480885285,3,"[1, 3, 3, 2, 2, 4, 1, 1, 3, 3, 2, 2, 4, 1, 1, 1, 3, 4]",54,212.4091337
case625,21,2.256881585,2.909934143,3,"[2, 4, 4, 1, 1, 3, 2, 2, 4, 4, 1, 1, 3, 2, 2, 4, 4, 1, 1, 3, 2]",63,62.55851626
case626,17,1.882541696,5.579413291,3,"[2, 4, 4, 1, 1, 3, 2, 2, 4, 4, 1, 1, 3, 2, 2, 4, 4]",51,39.07976031
case627,17,1.4848315,2.563638425,3,"[1, 3, 3, 2, 2, 4, 1, 1, 3, 3, 2, 2, 4, 0, 1, 3, 4]",51,847.7669861
case628,15,1.41498198,3.821157733,3,"[2, 4, 4, 1, 1, 3, 2, 2, 4, 4, 1, 1, 3, 3, 3]",45,113.7804348
case629,8,0.872135474,2.384450815,3,"[3, 2, 2, 4, 4, 1, 3, 3]",24,8.447800159
case630,2,0.378627643,2.995958337,3,"[3, 2]",6,0.124839783
case631,15,1.447380468,5.440570602,3,"[4, 1, 1, 3, 3, 2, 4, 4, 1, 1, 3, 3, 2, 2, 0]",45,80.3551774
case632,22,2.266594216,0.734458325,3,"[1, 3, 3, 2, 2, 4, 1, 1, 3, 3, 2, 2, 4, 1, 1, 3, 3, 2, 2, 4, 4, 1]",66,114.1039383
case633,18,1.80131975,0.219821468,3,"[2, 4, 4, 1, 1, 3, 2, 2, 4, 4, 1, 1, 3, 2, 2, 4, 0, 1]",54,103.701695
case634,15,1.488028826,3.85932462,3,"[2, 4, 4, 1, 1, 3, 2, 2, 4, 4, 1, 1, 3, 2, 4]",45,67.86731911
case635,14,1.167932323,2.903973947,3,"[2, 4, 4, 1, 1, 3, 2, 2, 4, 4, 1, 0, 1, 0]",42,198.9702826
case636,19,2.155200809,4.311679865,3,"[1, 3, 3, 2, 2, 4, 1, 1, 3, 3, 2, 2, 4, 1, 1, 3, 3, 2, 2]",57,56.23492336
case637,21,1.891929583,6.275684296,3,"[1, 3, 3, 2, 2, 4, 1, 1, 3, 3, 2, 2, 4, 1, 1, 3, 3, 2, 3, 0, 4]",63,859.629878
case638,1,0.294206934,1.632531564,3,[3],3,0.020099163
case639,15,1.374834141,5.417496091,3,"[4, 1, 1, 3, 3, 2, 4, 4, 1, 1, 3, 3, 2, 0, 0]",45,140.568239
case640,22,1.963586457,1.524884736,3,"[1, 3, 3, 2, 4, 1, 1, 3, 3, 2, 2, 4, 4, 1, 3, 3, 2, 2, 4, 4, 4, 4]",66,1375.031118
case641,19,1.906733552,4.260012662,3,"[1, 3, 3, 2, 2, 4, 1, 1, 3, 3, 2, 2, 4, 1, 1, 3, 3, 2, 0]",57,116.9962535
case642,5,0.574420366,2.238670509,3,"[4, 1, 1, 3, 3]",15,4.879229307
case643,13,1.260926728,5.696138705,3,"[1, 3, 3, 2, 4, 1, 1, 3, 3, 2, 2, 4, 4]",39,70.64848089
case644,22,2.49003984,0.714320612,3,"[1, 3, 3, 2, 2, 4, 1, 1, 3, 3, 2, 2, 4, 1, 1, 3, 3, 2, 2, 4, 1, 1]",66,66.18142319
case645,10,1.131763587,2.587116482,3,"[1, 3, 3, 2, 2, 4, 1, 1, 3, 3]",30,15.11236882
case646,16,1.363681138,1.43971641,3,"[1, 3, 3, 2, 2, 4, 1, 1, 3, 3, 2, 2, 0, 4, 1, 4]",48,609.9912915
case647,25,2.560633484,3.349161265,3,"[1, 3, 3, 2, 2, 4, 1, 1, 3, 3, 2, 2, 4, 1, 1, 3, 3, 2, 2, 4, 1, 1, 3, 2, 2]",75,173.1676102
case648,16,1.563679266,1.716895516,3,"[1, 3, 3, 2, 2, 4, 1, 1, 3, 3, 2, 2, 4, 4, 1, 0]",48,112.6183825
case649,0,0.171049971,4.987064728,3,[],0,0.001997232
case650,22,1.977015165,5.486231557,3,"[4, 1, 1, 3, 3, 2, 4, 4, 1, 1, 3, 3, 2, 4, 4, 1, 1, 3, 3, 3, 0, 0]",66,876.5681944
case651,1,0.274292927,0.570091828,3,[1],3,0.017980337
case652,5,0.565597172,3.990159053,3,"[1, 3, 3, 2, 2]",15,2.067265749
case653,0,0.069448092,4.902604612,3,[],0,0.003000975
case654,18,1.890738706,0.442039114,3,"[2, 4, 4, 1, 1, 3, 2, 2, 4, 4, 1, 1, 3, 2, 2, 4, 4, 1]",54,42.55073452
case655,9,1.024464191,4.855004376,3,"[2, 4, 4, 1, 1, 3, 2, 2, 4]",27,9.731677055
case656,5,0.561772317,2.270123717,3,"[4, 1, 1, 3, 3]",15,4.462443113
case657,12,1.189367754,4.01554431,3,"[1, 3, 3, 2, 2, 4, 4, 1, 1, 3, 3, 2]",36,32.27074432
case658,11,1.026143503,0.53541566,3,"[2, 4, 4, 1, 1, 3, 2, 2, 4, 1, 0]",33,38.95291376
case659,12,1.250636276,4.602728776,3,"[1, 3, 3, 2, 2, 4, 1, 1, 3, 2, 4, 4]",36,101.8520193
case660,23,2.28990533,0.111743915,3,"[4, 1, 1, 3, 3, 2, 4, 4, 1, 1, 3, 3, 2, 4, 4, 1, 1, 3, 3, 2, 2, 4, 0]",69,253.8844852
case661,13,1.171319686,5.938267481,3,"[1, 3, 3, 2, 4, 1, 1, 3, 3, 2, 2, 4, 1]",39,128.3337026
case662,17,1.591299719,2.08250084,3,"[1, 3, 3, 2, 2, 4, 4, 1, 1, 3, 2, 2, 4, 4, 1, 4, 3]",51,278.6570966
case663,22,2.35369726,1.34434497,3,"[1, 3, 3, 2, 4, 1, 1, 3, 3, 2, 2, 4, 4, 1, 3, 3, 2, 2, 4, 4, 1, 3]",66,214.6384482
case664,28,3.068110196,5.415944868,3,"[4, 1, 1, 3, 3, 2, 4, 4, 1, 1, 3, 3, 2, 4, 4, 1, 1, 3, 3, 2, 4, 4, 1, 1, 3, 3, 2, 4]",84,114.091723
case665,16,1.814733235,1.43136657,3,"[1, 3, 3, 2, 2, 4, 1, 1, 3, 3, 2, 2, 4, 1, 1, 3]",48,42.46967006
case666,16,1.737664721,4.664645049,3,"[2, 4, 4, 1, 1, 3, 2, 2, 4, 4, 1, 1, 3, 2, 2, 4]",48,32.67070031
case667,3,0.44111688,5.951000564,3,"[2, 4, 4]",9,0.559163094
case668,21,1.862885013,4.558373402,3,"[4, 1, 1, 3, 3, 2, 4, 4, 1, 1, 3, 3, 2, 4, 4, 1, 1, 0, 3, 3, 0]",63,1371.346351
case669,14,1.359776838,1.59203326,3,"[3, 2, 2, 4, 4, 1, 3, 3, 2, 2, 4, 1, 1, 0]",42,69.56770325
case670,6,0.619542177,5.323267886,3,"[1, 3, 3, 2, 4, 4]",18,5.167386055
case671,22,2.395702242,5.531066606,3,"[4, 1, 1, 3, 3, 2, 4, 4, 1, 1, 3, 3, 2, 4, 4, 1, 1, 3, 3, 2, 4, 4]",66,74.46813869
case672,25,2.783956454,1.949304023,3,"[4, 1, 1, 3, 3, 2, 4, 4, 1, 1, 3, 3, 2, 4, 4, 1, 1, 3, 3, 2, 4, 4, 1, 1, 3]",75,86.38015819
case673,13,1.123066735,5.893946663,3,"[1, 3, 3, 2, 4, 1, 1, 3, 3, 2, 4, 4, 1]",39,242.6452243
case674,18,1.955330497,3.532938717,3,"[1, 3, 3, 2, 2, 4, 1, 1, 3, 3, 2, 2, 4, 1, 1, 3, 3, 2]",54,49.51028466
case675,22,2.420291863,3.813614589,3,"[2, 4, 4, 1, 1, 3, 2, 2, 4, 4, 1, 1, 3, 2, 2, 4, 4, 1, 1, 3, 2, 2]",66,74.80951047
case676,17,1.80311869,5.805493196,3,"[2, 4, 4, 1, 1, 3, 2, 2, 4, 4, 1, 1, 3, 2, 2, 4, 4]",51,38.58318186
case677,17,1.837691918,2.368006095,3,"[1, 3, 3, 2, 2, 4, 1, 1, 3, 3, 2, 2, 4, 1, 1, 3, 3]",51,34.82560325
case678,2,0.314023583,1.861277931,3,"[1, 3]",6,0.123041868
case679,14,1.503730584,2.97262762,3,"[2, 4, 4, 1, 1, 3, 2, 2, 4, 4, 1, 1, 3, 2]",42,26.83909988
case680,12,0.950649342,2.73182214,3,"[4, 1, 1, 3, 3, 2, 4, 4, 1, 0, 0, 0]",36,93.53317332
case681,24,2.541029809,2.872823247,3,"[1, 3, 3, 2, 2, 4, 1, 1, 3, 3, 2, 2, 4, 1, 1, 3, 3, 2, 2, 4, 1, 1, 3, 3]",72,85.10915351
case682,9,1.011755102,2.955740171,3,"[3, 2, 2, 4, 4, 1, 3, 3, 2]",27,10.38386798
case683,7,0.732372006,2.457576054,3,"[2, 4, 4, 1, 1, 3, 3]",21,11.07741213
case684,12,1.141362179,1.248992673,3,"[2, 4, 4, 1, 1, 3, 2, 2, 4, 4, 1, 0]",36,52.11445165
case685,14,1.296902918,6.206722208,3,"[1, 3, 3, 2, 2, 4, 1, 1, 3, 3, 2, 4, 4, 3]",42,113.2577271
case686,23,2.323752033,1.28136402,3,"[1, 3, 3, 2, 2, 4, 1, 1, 3, 3, 2, 2, 4, 1, 1, 3, 3, 2, 2, 4, 1, 3, 3]",69,218.8948784
case687,20,2.181435197,2.106005425,3,"[2, 4, 4, 1, 1, 3, 2, 2, 4, 4, 1, 1, 3, 2, 2, 4, 4, 1, 1, 3]",60,62.69562745
case688,22,2.473222138,0.574549033,3,"[1, 3, 3, 2, 2, 4, 1, 1, 3, 3, 2, 2, 4, 1, 1, 3, 3, 2, 2, 4, 1, 1]",66,66.29610872
case689,7,0.860838937,5.682141101,3,"[1, 3, 3, 2, 2, 4, 4]",21,5.886560202
case690,14,1.33238541,6.229291403,3,"[1, 3, 3, 2, 2, 4, 1, 1, 3, 3, 2, 4, 2, 1]",42,94.8056047
case691,22,2.172555542,1.474397272,3,"[1, 3, 3, 2, 4, 1, 1, 3, 3, 2, 2, 4, 4, 1, 3, 3, 2, 2, 4, 4, 1, 1]",66,237.5978138
case692,18,1.797084628,4.10699696,3,"[1, 3, 3, 2, 4, 1, 1, 3, 3, 2, 2, 4, 4, 1, 3, 3, 2, 2]",54,142.6762683
case693,10,0.940022099,5.929182278,3,"[2, 4, 4, 1, 1, 3, 2, 2, 4, 1]",30,57.46727633
case694,1,0.255114289,2.439666471,3,[3],3,0.020980835
case695,11,1.08051361,3.493936978,3,"[1, 3, 3, 2, 2, 4, 1, 1, 3, 0, 2]",33,29.61658168
case696,15,1.423037414,0.58215908,3,"[1, 3, 3, 2, 2, 4, 1, 1, 3, 3, 2, 2, 4, 4, 4]",45,108.8939171
case697,7,0.794534405,4.372432759,3,"[4, 1, 1, 3, 3, 2, 4]",21,6.256107092
case698,16,1.769860045,4.681672821,3,"[2, 4, 4, 1, 1, 3, 2, 2, 4, 4, 1, 1, 3, 2, 2, 4]",48,35.34878469
case699,16,1.760202533,6.128549999,3,"[4, 1, 1, 3, 3, 2, 4, 4, 1, 1, 3, 3, 2, 4, 4, 1]",48,34.64372659
case700,25,2.459449202,3.261188973,3,"[1, 3, 3, 2, 2, 4, 1, 1, 3, 3, 2, 2, 4, 1, 1, 3, 3, 2, 2, 4, 1, 1, 3, 2, 0]",75,379.0923462
case701,8,0.735602066,3.934695016,3,"[2, 4, 4, 1, 1, 3, 2, 0]",24,13.15382934
case702,25,2.302264557,3.499954398,3,"[1, 3, 3, 2, 2, 4, 1, 1, 3, 3, 2, 2, 4, 1, 1, 3, 3, 2, 2, 4, 1, 0, 3, 0, 0]",75,931.8976331
case703,17,1.833264397,2.401579622,3,"[1, 3, 3, 2, 2, 4, 1, 1, 3, 3, 2, 2, 4, 1, 1, 3, 3]",51,34.92677736
case704,3,0.370499902,0.884328329,3,"[4, 1, 1]",9,0.21022892
case705,22,2.166432783,1.562347221,3,"[1, 3, 3, 2, 4, 1, 1, 3, 3, 2, 2, 4, 4, 1, 3, 3, 2, 2, 4, 4, 1, 1]",66,255.6740894
case706,5,0.686978288,4.334797699,3,"[1, 3, 3, 2, 2]",15,2.573580027
case707,10,1.201347732,0.780997551,3,"[4, 1, 1, 3, 3, 2, 4, 4, 1, 1]",30,10.29347825
case708,1,0.241126446,0.189227036,3,[1],3,0.017997026
case709,18,2.099745427,3.369633698,3,"[1, 3, 3, 2, 2, 4, 1, 1, 3, 3, 2, 2, 4, 1, 1, 3, 3, 2]",54,40.71598983
case710,8,0.905578752,5.197830693,3,"[4, 1, 1, 3, 3, 2, 4, 4]",24,7.162859678
case711,12,1.247333167,1.405539295,3,"[2, 4, 4, 1, 1, 3, 2, 2, 4, 1, 3, 3]",36,87.88182497
case712,3,0.434131991,4.068916367,3,"[3, 2, 2]",9,0.562044382
case713,8,0.622524495,0.526933198,3,"[1, 3, 3, 2, 2, 2, 1, 0]",24,21.10200119
case714,4,0.59640357,0.257883823,3,"[2, 4, 4, 1]",12,1.011088371
case715,22,2.360553318,0.723320892,3,"[1, 3, 3, 2, 2, 4, 1, 1, 3, 3, 2, 2, 4, 1, 1, 3, 3, 2, 2, 4, 1, 1]",66,63.9975729
case716,12,1.184134719,4.273530168,3,"[1, 3, 3, 2, 2, 4, 4, 1, 1, 3, 2, 4]",36,32.60376215
case717,8,1.007520876,3.746518592,3,"[2, 4, 4, 1, 1, 3, 2, 2]",24,7.049020767
case718,17,1.772954578,5.670863962,3,"[2, 4, 4, 1, 1, 3, 2, 2, 4, 4, 1, 1, 3, 2, 2, 4, 4]",51,47.08683491
case719,9,0.866512039,0.096061544,3,"[4, 1, 1, 3, 3, 2, 4, 0, 1]",27,24.46068382
case720,16,1.610790911,1.871947777,3,"[1, 3, 3, 2, 2, 4, 1, 3, 3, 2, 2, 4, 4, 1, 1, 3]",48,93.92990732
case721,23,2.378174522,1.514152223,3,"[1, 3, 3, 2, 2, 4, 1, 1, 3, 3, 2, 2, 4, 1, 1, 3, 3, 2, 2, 4, 1, 1, 3]",69,113.0573969
case722,21,1.992437373,2.964609399,3,"[2, 4, 4, 1, 1, 3, 2, 2, 4, 4, 1, 1, 3, 2, 2, 4, 4, 1, 1, 0, 0]",63,364.4963608
case723,26,2.665256654,4.478848929,3,"[1, 3, 3, 2, 2, 4, 1, 1, 3, 3, 2, 2, 4, 1, 1, 3, 3, 2, 2, 4, 1, 1, 3, 3, 2, 0]",78,233.7051094
case724,11,1.187188315,0.290962619,3,"[2, 4, 4, 1, 1, 3, 2, 2, 4, 4, 1]",33,15.36964631
case725,15,1.404428099,0.879299072,3,"[1, 3, 3, 2, 2, 4, 1, 1, 3, 3, 2, 2, 4, 0, 3]",45,99.67879081
case726,16,1.676062686,6.111205596,3,"[4, 1, 1, 3, 3, 2, 4, 4, 1, 1, 3, 3, 2, 4, 4, 1]",48,44.05550885
case727,14,1.261604832,3.177620923,3,"[2, 4, 4, 1, 1, 3, 2, 2, 4, 4, 1, 0, 2, 2]",42,135.075171
case728,19,1.910399547,2.919170863,3,"[4, 1, 1, 3, 3, 2, 4, 4, 1, 1, 3, 3, 2, 4, 4, 1, 1, 3, 0]",57,109.9246829
case729,21,2.080998521,4.68750205,3,"[4, 1, 1, 3, 3, 2, 4, 4, 1, 1, 3, 3, 2, 4, 4, 1, 1, 3, 3, 3, 4]",63,213.0034389
case730,25,2.654790533,1.671260855,3,"[4, 1, 1, 3, 3, 2, 4, 4, 1, 1, 3, 3, 2, 4, 4, 1, 1, 3, 3, 2, 4, 4, 1, 1, 3]",75,98.50375366
case731,3,0.375597062,2.294064621,3,"[1, 3, 3]",9,0.228192568
case732,21,2.07171783,0.502895701,3,"[1, 3, 3, 2, 4, 1, 1, 3, 3, 2, 2, 4, 4, 1, 3, 3, 2, 2, 4, 4, 1]",63,321.4184277
case733,21,2.16162051,5.961990345,3,"[1, 3, 3, 2, 2, 4, 1, 1, 3, 3, 2, 2, 4, 1, 1, 3, 3, 2, 2, 4, 4]",63,98.53762412
case734,26,2.793995693,4.385106887,3,"[1, 3, 3, 2, 2, 4, 1, 1, 3, 3, 2, 2, 4, 1, 1, 3, 3, 2, 2, 4, 1, 1, 3, 3, 2, 2]",78,104.1815276
case735,19,1.725094504,1.327328074,3,"[2, 4, 4, 1, 1, 3, 2, 2, 4, 4, 1, 1, 3, 2, 2, 2, 0, 4, 3]",57,560.9992492
case736,9,1.004049611,0.070215932,3,"[4, 1, 1, 3, 3, 2, 4, 4, 1]",27,9.566883087
case737,0,0.180308,5.299618354,3,[],0,0.002004147
case738,19,2.038848841,1.116388863,3,"[2, 4, 4, 1, 1, 3, 2, 2, 4, 4, 1, 1, 3, 2, 2, 4, 4, 1, 1]",57,45.83230448
case739,28,3.091545991,4.345619646,3,"[4, 1, 1, 3, 3, 2, 4, 4, 1, 1, 3, 3, 2, 4, 4, 1, 1, 3, 3, 2, 4, 4, 1, 1, 3, 3, 2, 4]",84,115.1159668
case740,25,2.71448563,3.250391005,3,"[1, 3, 3, 2, 2, 4, 1, 1, 3, 3, 2, 2, 4, 1, 1, 3, 3, 2, 2, 4, 1, 1, 3, 3, 2]",75,95.506634
case741,29,3.119488619,1.742094395,3,"[4, 1, 1, 3, 3, 2, 4, 4, 1, 1, 3, 3, 2, 4, 4, 1, 1, 3, 3, 2, 4, 4, 1, 1, 3, 3, 2, 4, 4]",87,129.4799688
case742,9,0.882563706,1.448988691,3,"[1, 3, 3, 2, 2, 4, 1, 1, 1]",27,15.02464986
case743,0,0.092337096,2.772660699,3,[],0,0.00199914
case744,27,3.000516774,5.580083326,3,"[1, 3, 3, 2, 2, 4, 1, 1, 3, 3, 2, 2, 4, 1, 1, 3, 3, 2, 2, 4, 1, 1, 3, 3, 2, 2, 4]",81,108.5463104
case745,14,1.466107536,2.882496286,3,"[2, 4, 4, 1, 1, 3, 2, 2, 4, 4, 1, 1, 3, 3]",42,35.44858432
case746,29,3.017246487,1.680266846,3,"[1, 3, 3, 2, 2, 4, 1, 1, 3, 3, 2, 2, 4, 1, 1, 3, 3, 2, 2, 4, 1, 1, 3, 3, 2, 2, 4, 1, 1]",87,178.4539711
case747,9,0.982385277,6.230934649,3,"[4, 1, 1, 3, 3, 2, 4, 4, 1]",27,10.23872709
case748,8,0.783559424,1.457930995,3,"[1, 3, 3, 2, 4, 1, 1, 3]",24,17.14176178
case749,10,1.141148425,0.703966774,3,"[4, 1, 1, 3, 3, 2, 4, 4, 1, 1]",30,10.83631587
case750,22,2.325187775,5.242125909,3,"[4, 1, 1, 3, 3, 2, 4, 4, 1, 1, 3, 3, 2, 4, 4, 1, 1, 3, 3, 2, 4, 4]",66,78.38935423
case751,16,1.604904297,1.827169309,3,"[1, 3, 3, 2, 2, 4, 1, 3, 3, 2, 2, 4, 4, 1, 1, 3]",48,93.98625016
case752,0,0.193595276,2.836638144,3,[],0,0.001998901
case753,18,1.825869547,0.255836669,3,"[2, 4, 4, 1, 1, 3, 2, 2, 4, 4, 1, 1, 3, 2, 2, 4, 4, 4]",54,76.81087327
case754,9,0.960006062,0.009462716,3,"[4, 1, 1, 3, 3, 2, 4, 4, 1]",27,10.05655289
case755,24,2.449849485,2.273080898,3,"[1, 3, 3, 2, 2, 4, 1, 1, 3, 3, 2, 2, 4, 1, 1, 3, 3, 2, 2, 4, 1, 1, 3, 2]",72,225.8312712
case756,1,0.246105878,4.170785646,3,[2],3,0.016999245
case757,24,2.557129207,2.28768416,3,"[1, 3, 3, 2, 2, 4, 1, 1, 3, 3, 2, 2, 4, 1, 1, 3, 3, 2, 2, 4, 1, 1, 3, 3]",72,103.0490737
case758,0,0.172404491,0.962097372,3,[],0,0.001998425
case759,25,2.28933315,3.547554394,3,"[1, 3, 3, 2, 2, 4, 1, 1, 3, 3, 2, 2, 4, 1, 1, 3, 3, 2, 2, 4, 1, 1, 4, 3, 4]",75,974.9797711
case760,5,0.616272821,3.882838045,3,"[1, 3, 3, 2, 2]",15,2.122503281
case761,29,3.054432284,1.982687332,3,"[4, 1, 1, 3, 3, 2, 4, 4, 1, 1, 3, 3, 2, 4, 4, 1, 1, 3, 3, 2, 4, 4, 1, 1, 3, 3, 2, 4, 4]",87,135.8463008
case762,22,2.220511743,4.012552959,3,"[2, 4, 4, 1, 1, 3, 2, 2, 4, 4, 1, 1, 3, 2, 2, 4, 4, 1, 1, 3, 0, 2]",66,186.3454173
case763,17,1.528218998,5.669683322,3,"[2, 4, 4, 1, 1, 3, 2, 2, 4, 4, 1, 1, 3, 2, 2, 1, 0]",51,506.6880312
case764,27,2.989540835,5.256569698,3,"[1, 3, 3, 2, 2, 4, 1, 1, 3, 3, 2, 2, 4, 1, 1, 3, 3, 2, 2, 4, 1, 1, 3, 3, 2, 2, 4]",81,109.1191368
case765,22,2.030805782,0.707301708,3,"[1, 3, 3, 2, 2, 4, 1, 1, 3, 3, 2, 2, 4, 1, 1, 3, 3, 2, 4, 4, 3, 3]",66,661.159462
case766,15,1.636855224,5.434915853,3,"[4, 1, 1, 3, 3, 2, 4, 4, 1, 1, 3, 3, 2, 4, 4]",45,28.31064367
case767,8,0.868232303,3.675165856,3,"[2, 4, 4, 1, 1, 3, 3, 2]",24,8.913983583
case768,0,0.154359171,5.166534015,3,[],0,0.001988888
case769,13,1.387333001,3.410847966,3,"[4, 1, 1, 3, 3, 2, 4, 4, 1, 1, 3, 3, 2]",39,24.79341817
case770,23,2.306279004,2.378013458,3,"[1, 3, 3, 2, 4, 1, 1, 3, 3, 2, 2, 4, 4, 1, 3, 3, 2, 2, 4, 4, 1, 3, 3]",69,232.8588803
case771,23,2.178607911,4.860594267,3,"[2, 4, 4, 1, 1, 3, 2, 2, 4, 4, 1, 1, 3, 2, 2, 4, 4, 1, 1, 3, 3, 2, 3]",69,491.2978475
case772,16,1.769896796,0.185327185,3,"[4, 1, 1, 3, 3, 2, 4, 4, 1, 1, 3, 3, 2, 4, 4, 1]",48,33.1291461
case773,23,2.542798392,4.893610354,3,"[2, 4, 4, 1, 1, 3, 2, 2, 4, 4, 1, 1, 3, 2, 2, 4, 4, 1, 1, 3, 2, 2, 4]",69,79.22633314
case774,3,0.508604142,0.963024539,3,"[4, 1, 1]",9,0.204118729
case775,28,3.032835973,5.615002361,3,"[4, 1, 1, 3, 3, 2, 4, 4, 1, 1, 3, 3, 2, 4, 4, 1, 1, 3, 3, 2, 4, 4, 1, 1, 3, 3, 2, 4]",84,115.4143715
case776,14,1.4285473,4.48475796,3,"[4, 1, 1, 3, 3, 2, 4, 4, 1, 1, 3, 3, 2, 2]",42,34.25141311
case777,18,1.794337136,3.435999336,3,"[1, 3, 3, 2, 2, 4, 1, 1, 3, 3, 2, 2, 4, 1, 1, 3, 0, 2]",54,104.8391197
case778,9,0.968900666,1.528674583,3,"[1, 3, 3, 2, 2, 4, 1, 1, 3]",27,12.7786932
case779,18,2.043509398,3.459215077,3,"[1, 3, 3, 2, 2, 4, 1, 1, 3, 3, 2, 2, 4, 1, 1, 3, 3, 2]",54,40.61267591
case780,24,2.099428616,3.314436656,3,"[1, 3, 3, 2, 4, 1, 1, 3, 3, 2, 2, 4, 4, 1, 3, 3, 2, 2, 4, 4, 4, 1, 3, 1]",72,1351.527889
case781,18,1.718135714,0.295437041,3,"[2, 4, 4, 1, 1, 3, 2, 2, 4, 4, 1, 1, 3, 2, 2, 2, 4, 3]",54,209.5284092
case782,14,1.365851305,6.160340659,3,"[1, 3, 3, 2, 2, 4, 1, 1, 3, 3, 2, 2, 4, 0]",42,62.09956837
case783,0,0.076773617,2.773335745,3,[],0,0.00199914