Case,gate length,Theta,Phi,Omega,dt,combination,total time,computing time
case1,26,2.4908875695252077,3.430105101969697,2.938953302792403,2.6,"[2, 4, 4, 1, 1, 3, 3, 2, 2, 4, 4, 1, 1, 3, 3, 2, 2, 4, 4, 1, 1, 3, 3, 2, 2, 4]",67.60000000000001,14.192911624908447
case2,26,2.0418153986511833,0.535660481087758,1.1046942933211374,2.6,"[3, 3, 2, 2, 4, 4, 1, 3, 2, 2, 2, 2, 4, 4, 1, 1, 3, 3, 2, 2, 4, 4, 1, 1, 1, 0]",67.60000000000001,1053.9963665008545
case3,12,1.0718580686400887,0.9827243673081577,2.0618362109835027,2.6,"[3, 3, 2, 2, 4, 4, 1, 1, 3, 3, 3, 2]",31.200000000000003,7.657907724380493
case4,10,0.8597281621485335,1.6965255129880992,2.8689436908693446,2.6,"[2, 2, 4, 4, 1, 1, 3, 2, 4, 4]",26.0,17.725400924682617
case5,10,0.7022601462025859,4.072952353751966,1.723025981174047,2.6,"[3, 2, 2, 4, 4, 1, 3, 3, 0, 0]",26.0,27.65532660484314
case6,26,2.598878546434249,0.9201083739234232,3.047544673263073,2.6,"[2, 4, 4, 1, 1, 3, 3, 2, 2, 4, 4, 1, 1, 3, 3, 2, 2, 4, 4, 1, 1, 3, 3, 2, 2, 4]",67.60000000000001,16.572476148605347
case7,18,1.4719283868411417,5.104391553879203,1.4319459464513706,2.6,"[3, 2, 2, 4, 4, 1, 1, 3, 3, 2, 2, 4, 4, 1, 1, 1, 1, 3]",46.800000000000004,76.07560443878174
case8,18,1.5100082193355602,0.2858352961393191,0.08805359248598928,2.6,"[1, 3, 3, 2, 2, 4, 4, 1, 1, 3, 3, 2, 2, 4, 4, 4, 4, 3]",46.800000000000004,40.06991791725159
case9,26,2.4071715676738306,2.2223396371164092,2.119686352141788,2.6,"[2, 2, 4, 4, 1, 1, 3, 3, 2, 2, 4, 4, 1, 1, 3, 3, 2, 2, 4, 4, 1, 1, 3, 3, 3, 2]",67.60000000000001,26.321529626846313
case10,1,1.6859040589666954,1.7254455052667244,5.01686429451122,2.6,[-1],2.6,3116.716292619705
case11,1,1.8900128030134553,4.510684204607264,0.43538731768417943,2.6,[-1],2.6,3055.865894317627
case12,19,1.4764240240260575,3.835123772171319,4.9624707403257196,2.6,"[4, 4, 1, 1, 3, 3, 2, 2, 4, 1, 3, 3, 2, 3, 2, 2, 4, 4, 1]",49.4,388.5800325870514
case13,1,1.471620738390296,4.260233198702018,5.969018370345687,2.6,[-1],2.6,3049.3745930194855
case14,2,0.3854402532115007,4.858165935300067,2.3682967875372563,2.6,"[2, 2]",5.2,0.05037045478820801
case15,32,3.0689540452807753,2.3119637030499742,4.250083853775042,2.6,"[4, 1, 1, 3, 3, 2, 2, 4, 4, 1, 1, 3, 3, 2, 2, 4, 4, 1, 1, 3, 3, 2, 2, 4, 4, 1, 1, 3, 3, 2, 2, 2]",83.2,26.810195446014404
case16,19,1.6011665904069332,1.0133188075476949,1.8018216431623633,2.6,"[3, 3, 2, 2, 4, 4, 1, 1, 3, 2, 4, 4, 1, 4, 1, 1, 3, 3, 2]",49.4,312.9310119152069
case17,10,1.039623429489264,6.262434456466782,0.023548579083176112,2.6,"[1, 3, 3, 2, 2, 4, 4, 1, 1, 3]",26.0,3.608686923980713
case18,1,1.4809563482032257,2.051462423728668,5.971660685675209,2.6,[-1],2.6,2912.7907106876373
case19,1,1.0973164747908057,0.14622630490230062,1.1950860001544235,2.6,[-1],2.6,2710.503514289856
case20,9,0.7032155381515248,0.818116902983175,5.420968775173507,2.6,"[1, 1, 3, 3, 2, 4, 1, 1, 3]",23.400000000000002,25.53401231765747
case21,10,0.8957030188285636,2.3288806782441336,1.01339084883872,2.6,"[3, 3, 2, 2, 4, 4, 1, 1, 3, 2]",26.0,4.788510084152222
case22,19,1.6020994250024228,2.0795516814812993,3.425457621291808,2.6,"[2, 2, 4, 4, 1, 1, 3, 3, 2, 4, 1, 1, 3, 1, 3, 3, 2, 2, 4]",49.4,306.7185456752777
case23,4,0.4153058004393035,0.31949524307751576,2.7620333864791227,2.6,"[3, 3, 2, 2]",10.4,0.725224494934082
case24,18,1.8122505273956038,5.794977539697119,5.422998145531945,2.6,"[1, 1, 3, 3, 2, 2, 4, 4, 1, 1, 3, 3, 2, 2, 4, 4, 1, 1]",46.800000000000004,9.405493021011353
case25,18,1.4766526407382048,1.4989423806177775,5.876691713740781,2.6,"[1, 1, 3, 3, 2, 2, 4, 1, 3, 3, 3, 3, 2, 2, 4, 4, 1, 1]",46.800000000000004,63.79176592826843
case26,19,1.4302316658396879,2.268856732745156,4.896958121551489,2.6,"[4, 4, 1, 1, 3, 3, 2, 2, 4, 4, 1, 1, 3, 3, 2, 4, 0, 1, 3]",49.4,498.7494103908539
case27,18,1.4031499307985282,2.2427625672795486,0.8443945178497035,2.6,"[3, 3, 2, 2, 4, 4, 1, 1, 3, 3, 2, 2, 4, 4, 1, 3, 2, 0]",46.800000000000004,124.99703001976013
case28,10,0.6266441475060338,5.214830287900156,1.2024827374763631,2.6,"[3, 3, 2, 2, 4, 4, 1, 4, 2, 2]",26.0,80.53637027740479
case29,26,2.0637977109027887,2.044714966553943,1.0799581242912124,2.6,"[3, 3, 2, 2, 4, 4, 1, 1, 3, 3, 2, 2, 4, 4, 1, 1, 3, 3, 2, 2, 4, 4, 4, 4, 1, 1]",67.60000000000001,1028.7451179027557
case30,1,1.8149762364147801,4.945360416671021,2.7124342638084906,2.6,[-1],2.6,2931.345642566681
case31,1,1.9263355222505665,5.277634524105009,3.613801567927323,2.6,[-1],2.6,2930.18435382843
case32,1,1.1791297756257908,1.8446329107751236,0.8122145996060536,2.6,[-1],2.6,2790.863270998001
case33,27,2.5832427123530914,1.2754337207338466,5.0426783446285794,2.6,"[4, 1, 1, 3, 3, 2, 2, 4, 4, 1, 1, 3, 3, 2, 2, 4, 4, 1, 1, 3, 3, 2, 2, 4, 4, 1, 1]",70.2,17.133292198181152
case34,12,1.008657447292899,0.11207032002620018,1.9802810488694047,2.6,"[3, 3, 2, 2, 4, 4, 1, 1, 3, 3, 3, 3]",31.200000000000003,27.147443056106567
case35,1,1.5032296207700526,5.778251900720362,6.008507800545664,2.6,[-1],2.6,2921.146498441696
case36,1,1.7646580467699793,5.606643057252664,1.2829147990286263,2.6,[-1],2.6,2927.147311925888
case37,26,2.093478075715291,5.236022729348122,2.201828959202728,2.6,"[2, 2, 4, 4, 1, 1, 3, 3, 2, 2, 4, 4, 1, 1, 3, 3, 2, 2, 4, 4, 1, 3, 1, 2, 0, 4]",67.60000000000001,481.4187638759613
case38,27,2.0873321887233964,6.104024161703541,4.899278914420116,2.6,"[4, 4, 1, 1, 3, 3, 2, 2, 4, 4, 1, 1, 3, 3, 2, 2, 4, 4, 1, 1, 3, 3, 3, 0, 3, 1, 4]",70.2,2715.019914150238
case39,18,1.280369661101574,0.8066829168143942,5.966542252473823,2.6,"[1, 1, 3, 3, 2, 2, 4, 1, 3, 3, 3, 3, 2, 4, 4, 0, 0, 1]",46.800000000000004,1958.9060957431793
case40,1,1.7073679072348356,5.9699460259177375,3.5152666534963495,2.6,[-1],2.6,2958.2177443504333
case41,26,2.1533313760620554,1.5021882021990978,1.5783711969537983,2.6,"[3, 2, 2, 4, 4, 1, 1, 3, 3, 2, 2, 4, 4, 1, 1, 3, 3, 2, 2, 4, 4, 1, 1, 2, 0, 3]",67.60000000000001,181.91986894607544
case42,1,1.2024742614466915,5.165469272242485,5.675013166857028,2.6,[-1],2.6,2928.6468455791473
case43,26,2.062879643165399,5.719161782905742,1.1203415083118469,2.6,"[3, 3, 2, 2, 4, 4, 1, 1, 3, 3, 2, 2, 4, 4, 1, 1, 3, 3, 2, 2, 4, 4, 4, 4, 1, 1]",67.60000000000001,964.6356706619263
case44,26,2.0864006027593636,1.9242610833240699,5.969766932741629,2.6,"[1, 3, 3, 2, 2, 4, 4, 1, 1, 3, 3, 2, 2, 4, 4, 1, 1, 3, 3, 2, 2, 4, 1, 1, 3, 2]",67.60000000000001,442.64746046066284
case45,27,2.453656931459502,4.089371396534814,2.7426952013443966,2.6,"[2, 2, 4, 4, 1, 1, 3, 3, 2, 2, 4, 4, 1, 1, 3, 3, 2, 2, 4, 4, 1, 1, 3, 3, 2, 4, 4]",70.2,38.36313462257385
case46,18,1.469990904925255,0.9640821429199878,3.901641592949823,2.6,"[4, 4, 1, 1, 3, 3, 2, 2, 4, 4, 1, 1, 3, 3, 3, 4, 2, 1]",46.800000000000004,69.84956097602844
case47,1,1.1782199392785089,5.678197981553411,2.7332859758543564,2.6,[-1],2.6,2710.0174016952515
case48,34,2.706808219096591,5.2757118929041,3.2738762946297277,2.6,"[2, 2, 4, 4, 1, 1, 3, 3, 2, 2, 4, 4, 1, 1, 3, 3, 2, 2, 4, 4, 1, 1, 3, 3, 2, 2, 4, 4, 4, 4, 1, 3, 3, 2]",88.4,1609.5315854549408
case49,18,1.2798141396934766,5.660565288692397,0.6386680200583688,2.6,"[3, 3, 2, 2, 4, 4, 1, 1, 3, 3, 2, 2, 2, 4, 4, 4, 0, 0]",46.800000000000004,1386.096512556076
case50,18,1.663722688572282,2.524731407047445,5.448953855463847,2.6,"[1, 1, 3, 3, 2, 2, 4, 4, 1, 1, 3, 3, 2, 2, 4, 4, 1, 1]",46.800000000000004,12.315340518951416
case51,1,1.1447809173986951,5.553787975972813,1.5551417595281294,2.6,[-1],2.6,2752.995475292206
case52,26,2.4872603737186414,6.2010176292335135,3.813320563226401,2.6,"[4, 4, 1, 1, 3, 3, 2, 2, 4, 4, 1, 1, 3, 3, 2, 2, 4, 4, 1, 1, 3, 3, 2, 2, 4, 4]",67.60000000000001,14.820464849472046
case53,18,1.3345728751071013,4.08872591537841,5.631995335207276,2.6,"[1, 1, 3, 3, 2, 2, 4, 4, 1, 1, 3, 3, 2, 4, 0, 0, 4, 3]",46.800000000000004,358.9422879219055
case54,1,1.808413058990634,0.30775188290429806,5.127964363162665,2.6,[-1],2.6,2726.7029025554657
case55,19,1.7070506894558202,1.426421174476139,2.076887576800065,2.6,"[3, 2, 2, 4, 4, 1, 1, 3, 3, 2, 2, 4, 4, 1, 1, 3, 3, 2, 4]",49.4,19.354276418685913
case56,18,1.3969877129450383,5.026159549938956,2.153840566344436,2.6,"[2, 2, 4, 4, 1, 1, 3, 3, 2, 2, 4, 4, 1, 1, 1, 1, 3, 4]",46.800000000000004,140.49414038658142
case57,18,1.498609030615816,0.08318492672069956,5.843954748867881,2.6,"[1, 1, 3, 3, 2, 2, 4, 1, 3, 3, 3, 3, 2, 2, 4, 4, 1, 1]",46.800000000000004,66.80099892616272
case58,34,2.7383130993216174,1.1923795383948421,3.1845545654055107,2.6,"[2, 2, 4, 4, 1, 1, 3, 3, 2, 2, 4, 4, 1, 1, 3, 3, 2, 2, 4, 4, 1, 1, 3, 3, 2, 2, 4, 4, 4, 1, 1, 3, 0, 3]",88.4,989.6734721660614
case59,18,1.2444514828642923,4.103291630622623,6.024303160067954,2.6,"[1, 1, 3, 3, 2, 2, 4, 1, 3, 3, 3, 3, 2, 4, 4, 4, 2, 3]",46.800000000000004,2387.2034928798676
case60,3,0.4550645857740262,1.5951454272932268,6.23885171801328,2.6,"[1, 1, 3]",7.800000000000001,1.494584083557129
case61,18,1.2484081471963508,4.83197597420544,3.2320824265744625,2.6,"[2, 4, 4, 1, 1, 3, 3, 2, 2, 4, 4, 1, 1, 1, 0, 0, 4, 1]",46.800000000000004,2004.2708644866943
case62,1,1.7351967023516046,2.4475780469597823,1.9136742176303239,2.6,[-1],2.6,2640.081523656845
case63,18,1.225391295327307,0.6609732387856616,4.256695535344366,2.6,"[4, 4, 1, 1, 3, 3, 2, 4, 1, 1, 1, 1, 3, 2, 2, 3, 2, 4]",46.800000000000004,2669.8961720466614
case64,33,2.73516592265273,3.1863436361780484,5.583692439769629,2.6,"[1, 1, 3, 3, 2, 2, 4, 4, 1, 1, 3, 3, 2, 2, 4, 4, 1, 1, 3, 3, 2, 2, 4, 4, 1, 1, 3, 3, 3, 2, 3, 4, 4]",85.8,582.9915051460266
case65,18,1.3987674453433305,4.03491563413645,5.542940597344219,2.6,"[1, 1, 3, 3, 2, 2, 4, 4, 1, 1, 3, 3, 2, 2, 2, 2, 4, 3]",46.800000000000004,130.25034618377686
case66,1,2.544563510714514,4.545365142151118,0.9920526959384786,2.6,[-1],2.6,2456.5725762844086
case67,18,1.501006185082176,5.81471141032867,6.142031563674436,2.6,"[1, 3, 3, 2, 2, 4, 4, 1, 1, 3, 3, 2, 2, 4, 4, 0, 1, 0]",46.800000000000004,59.931639671325684
case68,11,1.1302588834878238,1.0561429143288434,2.930315558584272,2.6,"[2, 2, 4, 4, 1, 1, 3, 3, 2, 2, 2]",28.6,7.848126649856567
case69,19,1.4979961500592673,0.6704220175326923,0.23079439716427885,2.6,"[1, 1, 3, 3, 2, 2, 4, 4, 1, 3, 2, 2, 4, 2, 4, 4, 1, 1, 3]",49.4,378.5444860458374
case70,19,1.3528713042002332,1.8201146008828413,0.5512161137268059,2.6,"[1, 3, 3, 2, 2, 4, 4, 1, 1, 1, 1, 3, 3, 4, 4, 4, 1, 3, 2]",49.4,1938.3397722244263
case71,26,2.0996543463248325,5.088629246156984,1.5864390039373417,2.6,"[3, 2, 2, 4, 4, 1, 1, 3, 3, 2, 2, 4, 4, 1, 1, 3, 3, 2, 2, 4, 4, 1, 1, 0, 0, 4]",67.60000000000001,464.90596628189087
case72,27,2.3548812055512847,5.557343702908506,0.3360590866300434,2.6,"[1, 3, 3, 2, 2, 4, 4, 1, 1, 3, 3, 2, 2, 4, 4, 1, 1, 3, 3, 2, 2, 4, 4, 1, 1, 0, 2]",70.2,79.75622010231018
case73,18,1.488648683278944,4.689987770626747,6.229104785970758,2.6,"[1, 3, 3, 2, 2, 4, 4, 1, 1, 3, 3, 2, 2, 4, 4, 1, 2, 3]",46.800000000000004,52.77311682701111
case74,19,1.4251282104241887,3.581871667442733,1.333780637979716,2.6,"[3, 3, 2, 2, 4, 4, 1, 1, 3, 3, 2, 2, 4, 4, 4, 3, 3, 2, 1]",49.4,462.5653614997864
case75,27,2.120869995566774,4.842311809241533,3.572830838120031,2.6,"[2, 4, 4, 1, 1, 3, 3, 2, 2, 4, 4, 1, 1, 3, 3, 2, 2, 4, 4, 1, 1, 3, 2, 2, 4, 1, 1]",70.2,2036.1886568069458
case76,1,1.2427569110531111,1.0401955715741833,2.097557310024842,2.6,[-1],2.6,2660.3866314888
case77,26,2.0379321991361485,3.152779745170457,5.514306126764527,2.6,"[1, 1, 3, 3, 2, 2, 4, 4, 1, 1, 3, 3, 2, 2, 4, 4, 1, 1, 3, 3, 2, 4, 4, 3, 4, 0]",67.60000000000001,893.7132766246796
case78,1,1.7199890156246622,3.4072828236681736,4.287293118989365,2.6,[-1],2.6,2720.5498764514923
case79,26,2.5858435008827647,0.8072070102278261,1.3954904205121037,2.6,"[3, 2, 2, 4, 4, 1, 1, 3, 3, 2, 2, 4, 4, 1, 1, 3, 3, 2, 2, 4, 4, 1, 1, 3, 3, 2]",67.60000000000001,13.863877534866333
case80,27,2.204415784035951,4.744940304153472,1.7783958855998707,2.6,"[3, 3, 2, 2, 4, 4, 1, 1, 3, 3, 2, 2, 4, 4, 1, 1, 3, 3, 2, 2, 4, 4, 1, 4, 1, 1, 2]",70.2,497.99526357650757
case81,1,1.2166497534214393,1.8319861626926819,5.464531341878796,2.6,[-1],2.6,2818.3314266204834
case82,18,1.7637429143249677,0.06803425285664676,0.8448421844139494,2.6,"[3, 3, 2, 2, 4, 4, 1, 1, 3, 3, 2, 2, 4, 4, 1, 1, 3, 3]",46.800000000000004,7.505070686340332
case83,10,0.9630290256227151,2.7148345619390266,5.75486266763909,2.6,"[1, 1, 3, 3, 2, 2, 4, 4, 1, 3]",26.0,4.901081085205078
case84,33,2.971972933355311,5.571970375235586,4.198956428641035,2.6,"[4, 4, 1, 1, 3, 3, 2, 2, 4, 4, 1, 1, 3, 3, 2, 2, 4, 4, 1, 1, 3, 3, 2, 2, 4, 4, 1, 1, 3, 3, 3, 2, 2]",85.8,91.38759970664978
case85,19,1.395534895418545,3.634127309987396,0.3444596162488672,2.6,"[1, 1, 3, 3, 2, 2, 4, 4, 1, 3, 2, 2, 4, 2, 4, 4, 1, 1, 1]",49.4,1445.394766330719
case86,27,2.4645552178682686,0.47295755893869235,3.4751373146812212,2.6,"[2, 4, 4, 1, 1, 3, 3, 2, 2, 4, 4, 1, 1, 3, 3, 2, 2, 4, 4, 1, 1, 3, 3, 2, 2, 4, 1]",70.2,39.41987371444702
case87,1,1.3235916696448773,2.8362145045395333,0.46889189051464797,2.6,[-1],2.6,2737.705506801605
case88,18,1.4792047313378327,5.047139516317708,5.758450806580824,2.6,"[1, 1, 3, 3, 2, 2, 4, 1, 3, 3, 3, 3, 2, 2, 4, 4, 1, 1]",46.800000000000004,64.53579711914062
case89,11,1.08641381745957,4.040488188780228,3.681058003303971,2.6,"[2, 4, 4, 1, 1, 3, 3, 2, 2, 4, 4]",28.6,3.5601348876953125
case90,10,1.0485006148519327,1.6597247052020432,2.4347724928561467,2.6,"[2, 2, 4, 4, 1, 1, 3, 3, 2, 2]",26.0,3.4498937129974365
case91,1,1.185559720979827,5.009289663886541,0.5038235380678979,2.6,[-1],2.6,2875.9743881225586
case92,18,1.375855535053525,1.639741960246072,2.569871345776805,2.6,"[2, 2, 4, 4, 1, 1, 3, 3, 2, 4, 1, 1, 3, 1, 3, 3, 2, 2]",46.800000000000004,272.8539402484894
case93,1,2.0726164528697946,2.260272535538151,3.281501801395658,2.6,[-1],2.6,2788.571977853775
case94,26,2.070139869013067,4.583517087687783,4.548410232181534,2.6,"[4, 1, 1, 3, 3, 2, 2, 4, 4, 1, 1, 3, 3, 2, 2, 4, 4, 1, 1, 3, 3, 2, 4, 2, 1, 2]",67.60000000000001,659.7957117557526
case95,27,2.4438356326274278,4.1231263742540625,5.038692582673689,2.6,"[4, 1, 1, 3, 3, 2, 2, 4, 4, 1, 1, 3, 3, 2, 2, 4, 4, 1, 1, 3, 3, 2, 2, 4, 4, 1, 3]",70.2,34.43846774101257
case96,5,0.6293599454499574,5.74953513920805,4.548415506709243,2.6,"[2, 2, 4, 4, 1]",13.0,2.2875101566314697
case97,26,2.2390305686020566,2.2964010086260247,4.222270273167266,2.6,"[4, 4, 1, 1, 3, 3, 2, 2, 4, 4, 1, 1, 3, 3, 2, 2, 4, 4, 1, 1, 3, 3, 2, 2, 2, 2]",67.60000000000001,105.52599048614502
case98,10,0.7406235953844402,5.498344019273765,2.661856552120348,2.6,"[2, 2, 4, 4, 1, 1, 3, 2, 3, 0]",26.0,17.73082447052002
case99,11,0.8223244817794925,3.341750793247315,4.46567296633188,2.6,"[4, 4, 1, 1, 3, 3, 2, 2, 2, 2, 4]",28.6,21.902368307113647
case100,1,1.9639398689386034,6.025451689632158,6.021493603458513,2.6,[-1],2.6,2717.4810333251953
case101,18,1.6206084690258848,0.2699638776327172,1.5084383886182666,2.6,"[3, 2, 2, 4, 4, 1, 1, 3, 3, 2, 2, 4, 4, 1, 1, 3, 2, 2]",46.800000000000004,12.471588850021362
case102,33,2.966585743529008,3.9089558529587363,2.7345701865732015,2.6,"[2, 4, 4, 1, 1, 3, 3, 2, 2, 4, 4, 1, 1, 3, 3, 2, 2, 4, 4, 1, 1, 3, 3, 2, 2, 4, 4, 1, 1, 3, 3, 3, 3]",85.8,145.62049913406372
case103,1,1.0505522553117908,1.0454742113273374,4.241272377084934,2.6,[-1],2.6,2677.151547908783
case104,4,0.45324247750267294,3.6600100149117814,4.405055713204981,2.6,"[2, 4, 4, 1]",10.4,2.271376371383667
case105,1,1.6296172695292888,3.7643063425337884,2.5186581470916223,2.6,[-1],2.6,2837.916292667389
case106,27,2.2516144655991406,1.5350668953304403,0.34075097887132483,2.6,"[1, 3, 3, 2, 2, 4, 4, 1, 1, 3, 3, 2, 2, 4, 4, 1, 1, 3, 3, 2, 2, 4, 4, 4, 3, 0, 2]",70.2,238.63881492614746
case107,33,2.729342543483442,6.0320630572095615,5.131151118177216,2.6,"[1, 1, 3, 3, 2, 2, 4, 4, 1, 1, 3, 3, 2, 2, 4, 4, 1, 1, 3, 3, 2, 2, 4, 4, 1, 1, 3, 3, 3, 0, 4, 2, 4]",85.8,568.1731953620911
case108,18,1.5904004581388302,3.3816472610782378,2.4007991635958286,2.6,"[2, 2, 4, 4, 1, 1, 3, 3, 2, 2, 4, 4, 1, 1, 3, 3, 2, 0]",46.800000000000004,17.098597764968872
case109,1,1.118200325137335,5.045312710403159,0.6683905947174856,2.6,[-1],2.6,3000.037285089493
case110,26,2.2795560482979913,4.08330881291358,5.666931408458719,2.6,"[1, 1, 3, 3, 2, 2, 4, 4, 1, 1, 3, 3, 2, 2, 4, 4, 1, 1, 3, 3, 2, 2, 4, 4, 4, 0]",67.60000000000001,64.6192536354065
case111,1,1.8837155897246542,2.988795845306712,1.2412445732515278,2.6,[-1],2.6,2798.1633698940277
case112,20,1.56502281934688,0.9679560948907557,1.9880648398566274,2.6,"[3, 3, 2, 2, 4, 4, 1, 1, 3, 3, 3, 3, 2, 0, 4, 1, 3, 3, 2, 2]",52.0,565.6434659957886
case113,11,0.840795415330082,3.795049967598894,2.806355355899021,2.6,"[2, 2, 4, 4, 1, 1, 3, 3, 3, 2, 1]",28.6,24.547506093978882
case114,18,1.5781818788450817,5.007533532801415,1.0299276984891494,2.6,"[3, 3, 2, 2, 4, 4, 1, 3, 2, 2, 2, 2, 4, 4, 1, 1, 3, 3]",46.800000000000004,68.8679940700531
case115,26,2.561216709807231,0.8442447096068657,6.069165179978846,2.6,"[1, 3, 3, 2, 2, 4, 4, 1, 1, 3, 3, 2, 2, 4, 4, 1, 1, 3, 3, 2, 2, 4, 4, 1, 1, 3]",67.60000000000001,16.60949158668518
case116,9,0.5757564940100856,4.014479128537592,4.089284994713859,2.6,"[4, 4, 1, 1, 3, 2, 4, 4, 1]",23.400000000000002,47.7080774307251
case117,18,1.7117854907726389,4.005598911812518,1.3649802832580655,2.6,"[3, 2, 2, 4, 4, 1, 1, 3, 3, 2, 2, 4, 4, 1, 1, 3, 3, 2]",46.800000000000004,8.86722183227539
case118,26,1.8050343904430242,2.9589520345899576,6.003627460843779,2.6,"[1, 3, 3, 2, 2, 4, 4, 4, 4, 1, 3, 3, 2, 2, 4, 4, 1, 1, 3, 3, 2, 2, 2, 0, 4, 4]",67.60000000000001,2069.7704527378082
case119,11,0.907420645936489,4.819431048363202,5.313988020819349,2.6,"[4, 1, 1, 3, 3, 2, 2, 4, 4, 1, 4]",28.6,10.3306245803833
case120,4,0.5153960478474614,2.9131841513550025,3.8442475894498465,2.6,"[2, 2, 4, 4]",10.4,1.4344761371612549
case121,1,1.7323731027403362,2.77560758120304,0.2579881415890368,2.6,[-1],2.6,2517.3884539604187
case122,10,1.124061837245033,0.6645257638579468,6.20919318720774,2.6,"[1, 3, 3, 2, 2, 4, 4, 1, 1, 3]",26.0,3.5485434532165527
case123,33,2.798086592258679,1.0782516538569458,4.611561491116825,2.6,"[4, 1, 1, 3, 3, 2, 2, 4, 4, 1, 1, 3, 3, 2, 2, 4, 4, 1, 1, 3, 3, 2, 2, 4, 4, 1, 1, 3, 3, 3, 3, 0, 4]",85.8,263.84873628616333
case124,18,1.691422307091221,0.38342569588626046,0.9275761321929825,2.6,"[3, 3, 2, 2, 4, 4, 1, 1, 3, 3, 2, 2, 4, 4, 1, 1, 3, 3]",46.800000000000004,8.301254034042358
case125,10,0.9162235743950127,1.9924663909489293,1.2116190459849514,2.6,"[3, 3, 2, 2, 4, 4, 1, 3, 2, 2]",26.0,19.92012619972229
case126,18,1.7855176157030166,3.464587634355328,4.538468124533958,2.6,"[4, 1, 1, 3, 3, 2, 2, 4, 4, 1, 1, 3, 3, 2, 2, 4, 4, 1]",46.800000000000004,8.155965328216553
case127,1,1.961875161402075,2.0447274605074384,3.11615308929408,2.6,[-1],2.6,2871.5895252227783
case128,18,1.577148419070109,6.113606513230968,4.5161362760186705,2.6,"[4, 1, 1, 3, 3, 2, 2, 4, 4, 1, 1, 3, 3, 2, 2, 4, 1, 4]",46.800000000000004,21.647629976272583
case129,20,1.6190342207178787,2.1289016206978557,0.3545662744491654,2.6,"[1, 1, 3, 3, 2, 2, 4, 4, 1, 1, 1, 1, 3, 0, 2, 4, 1, 1, 3, 3]",52.0,498.08817410469055
case130,26,2.2988449558694137,2.7796664279246803,3.9435949364297773,2.6,"[4, 4, 1, 1, 3, 3, 2, 2, 4, 4, 1, 1, 3, 3, 2, 2, 4, 4, 1, 1, 3, 3, 2, 2, 1, 4]",67.60000000000001,48.11115765571594
case131,10,0.898878216466828,5.875424443332968,0.6838783673245441,2.6,"[3, 3, 2, 2, 4, 4, 1, 1, 1, 3]",26.0,4.766937255859375
case132,3,0.42850788032715414,1.6050517077851503,3.7410139342640223,2.6,"[2, 4, 4]",7.800000000000001,1.016904592514038
case133,26,2.39267389326099,1.2205231803269663,2.0371267853695345,2.6,"[2, 2, 4, 4, 1, 1, 3, 3, 2, 2, 4, 4, 1, 1, 3, 3, 2, 2, 4, 4, 1, 1, 3, 3, 2, 4]",67.60000000000001,31.044143438339233
case134,0,0.1395622786340645,2.555439049140674,1.4515345515472642,2.6,[],0.0,0.0019571781158447266
case135,1,1.7982496779123602,2.0854385679855794,5.24091856210327,2.6,[-1],2.6,2717.451828479767
case136,26,2.243471379489609,4.490517022383922,0.7132969820435697,2.6,"[3, 3, 2, 2, 4, 4, 1, 1, 3, 3, 2, 2, 4, 4, 1, 1, 3, 3, 2, 2, 4, 4, 1, 3, 3, 1]",67.60000000000001,82.95633125305176
case137,1,1.7393742036807383,6.147883955427829,1.0256050998599362,2.6,[-1],2.6,2953.2757432460785
case138,1,1.756647124049321,2.39666417982169,1.0601029554051349,2.6,[-1],2.6,2806.632247209549
case139,1,2.0682279458004627,3.648329907471681,1.2329334372406935,2.6,[-1],2.6,2642.8305180072784
case140,1,1.1315290423996713,0.276770903523889,5.574444855399983,2.6,[-1],2.6,2783.3931221961975
case141,27,2.538367755645993,5.043020793240564,4.697090218027047,2.6,"[4, 4, 1, 1, 3, 3, 2, 2, 4, 4, 1, 1, 3, 3, 2, 2, 4, 4, 1, 1, 3, 3, 2, 2, 4, 4, 1]",70.2,16.300187587738037
case142,26,2.0864705814022932,1.3733308652615392,3.6835824491540077,2.6,"[4, 4, 1, 1, 3, 3, 2, 2, 4, 4, 1, 1, 3, 3, 2, 2, 4, 4, 1, 1, 3, 2, 2, 4, 4, 3]",67.60000000000001,565.0176889896393
case143,1,1.2116031946162307,2.775813911419442,3.746147011326411,2.6,[-1],2.6,2645.1344876289368
case144,33,2.7063547352826416,1.3319373849299578,3.9599990077009606,2.6,"[4, 4, 1, 1, 3, 3, 2, 2, 4, 4, 1, 1, 3, 3, 2, 2, 4, 4, 1, 1, 3, 3, 2, 2, 4, 4, 1, 1, 1, 0, 3, 0, 2]",85.8,780.7747645378113
case145,26,2.255791705000096,2.6210219338454914,3.033558561180649,2.6,"[2, 4, 4, 1, 1, 3, 3, 2, 2, 4, 4, 1, 1, 3, 3, 2, 2, 4, 4, 1, 1, 3, 3, 2, 4, 0]",67.60000000000001,62.404404163360596
case146,1,1.9283446725157207,5.457476693767939,1.0066238617297312,2.6,[-1],2.6,2411.8344271183014
case147,1,1.700110748653524,5.180384843849707,1.0965972881245283,2.6,[-1],2.6,2620.337817430496
case148,11,0.8417429230542786,5.530619582191187,4.470038426494192,2.6,"[4, 4, 1, 1, 3, 3, 2, 2, 2, 2, 4]",28.6,19.25569748878479
case149,33,2.980464618939347,4.4327444798159865,5.752827398349583,2.6,"[1, 1, 3, 3, 2, 2, 4, 4, 1, 1, 3, 3, 2, 2, 4, 4, 1, 1, 3, 3, 2, 2, 4, 4, 1, 1, 3, 3, 2, 2, 2, 4, 4]",85.8,79.73045420646667
case150,18,1.665506863082193,0.7358724739659639,3.2536909282417388,2.6,"[2, 4, 4, 1, 1, 3, 3, 2, 2, 4, 4, 1, 1, 3, 3, 2, 2, 4]",46.800000000000004,8.715218544006348
case151,18,1.3389299163087376,3.86538181851746,4.878591734594124,2.6,"[4, 1, 1, 3, 3, 2, 2, 4, 4, 1, 1, 3, 3, 2, 4, 0, 1, 3]",46.800000000000004,314.53007912635803
case152,26,2.2354740924477623,0.6822314190330547,2.665700699843,2.6,"[2, 2, 4, 4, 1, 1, 3, 3, 2, 2, 4, 4, 1, 1, 3, 3, 2, 2, 4, 4, 1, 1, 3, 3, 3, 3]",67.60000000000001,99.7733371257782
case153,26,2.614316277267986,1.3495419080529611,2.2070472997207022,2.6,"[2, 2, 4, 4, 1, 1, 3, 3, 2, 2, 4, 4, 1, 1, 3, 3, 2, 2, 4, 4, 1, 1, 3, 3, 2, 2]",67.60000000000001,13.784385681152344
case154,1,1.1586573673032092,1.1808373001761274,3.278540808157918,2.6,[-1],2.6,2317.5599777698517
case155,26,2.38082691315911,3.9340755206243365,0.5360727176214359,2.6,"[3, 3, 2, 2, 4, 4, 1, 1, 3, 3, 2, 2, 4, 4, 1, 1, 3, 3, 2, 2, 4, 4, 1, 1, 3, 2]",67.60000000000001,28.709094047546387
case156,26,2.6334367651776205,0.0702306375502348,0.7150657713826009,2.6,"[3, 3, 2, 2, 4, 4, 1, 1, 3, 3, 2, 2, 4, 4, 1, 1, 3, 3, 2, 2, 4, 4, 1, 1, 3, 3]",67.60000000000001,14.314203262329102
case157,1,1.6455626691444225,1.8948749254328503,1.201970021783524,2.6,[-1],2.6,2638.5317430496216
case158,19,1.448352394102232,1.7478606298238748,0.49083297807111587,2.6,"[1, 3, 3, 2, 2, 4, 4, 1, 1, 1, 1, 3, 3, 4, 4, 4, 1, 3, 3]",49.4,223.53049111366272
case159,26,2.5925566760555467,1.49189183682727,1.4944791710543572,2.6,"[3, 2, 2, 4, 4, 1, 1, 3, 3, 2, 2, 4, 4, 1, 1, 3, 3, 2, 2, 4, 4, 1, 1, 3, 3, 2]",67.60000000000001,13.529457330703735
case160,4,0.4385932297721886,4.325004703551543,6.02205341737715,2.6,"[4, 1, 1, 3]",10.4,1.2838356494903564
case161,1,0.23948076404006197,6.263506588666623,4.3707890683437,2.6,[4],2.6,0.015495061874389648
case162,10,0.6197590341861792,5.405239067862645,1.1775134400139124,2.6,"[3, 3, 2, 2, 4, 4, 0, 3, 3, 4]",26.0,86.89719152450562
case163,2,0.3097039159889453,4.863460942736683,4.872326041148134,2.6,"[4, 1]",5.2,0.06900310516357422
case164,18,1.7824510164667229,1.927798324932513,5.4402369849258925,2.6,"[1, 1, 3, 3, 2, 2, 4, 4, 1, 1, 3, 3, 2, 2, 4, 4, 1, 1]",46.800000000000004,8.148677110671997
case165,20,1.6563466258551298,3.3213589109128363,5.113437150361812,2.6,"[4, 4, 1, 1, 3, 3, 2, 2, 4, 4, 4, 4, 1, 0, 3, 2, 4, 4, 1, 1]",52.0,889.6089720726013
case166,19,1.331736572555661,0.15125505229449077,3.6994349274448326,2.6,"[2, 4, 4, 1, 1, 3, 3, 2, 2, 4, 4, 1, 1, 1, 1, 3, 0, 2, 2]",49.4,2058.3573553562164
case167,26,2.0387826002871585,2.075085325496923,5.901076262120596,2.6,"[1, 1, 3, 3, 2, 2, 4, 1, 3, 3, 3, 3, 2, 2, 4, 4, 1, 1, 3, 3, 2, 2, 4, 4, 4, 0]",67.60000000000001,912.8142290115356
case168,26,2.249821059468155,5.556671586831479,0.4391673533253645,2.6,"[3, 3, 2, 2, 4, 4, 1, 1, 3, 3, 2, 2, 4, 4, 1, 1, 3, 3, 2, 2, 4, 4, 1, 3, 1, 2]",67.60000000000001,86.54462313652039
case169,1,1.0935683803753342,1.7239844744362207,5.789959183032032,2.6,[-1],2.6,2420.982701063156
case170,11,0.9420173828459577,0.08679814562552524,6.024480917025209,2.6,"[1, 1, 3, 3, 2, 2, 4, 4, 1, 1, 0]",28.6,8.305755138397217
case171,2,0.24182331290861048,2.260939732358054,4.57541588880629,2.6,"[4, 4]",5.2,0.08498430252075195
case172,18,1.4600884388669568,0.647850103989393,0.8753512566542172,2.6,"[3, 3, 2, 2, 4, 4, 1, 1, 3, 3, 2, 2, 4, 4, 1, 4, 3, 0]",46.800000000000004,67.17852711677551
case173,1,1.8245371667481263,1.9385730051407346,2.8499991234392072,2.6,[-1],2.6,2444.119201183319
case174,10,0.6767609435108325,1.8231204222959514,1.7240611951401636,2.6,"[3, 2, 2, 4, 4, 1, 1, 2, 3, 4]",26.0,29.574474334716797
case175,26,1.9923094021504428,1.1433867579066732,3.2021122866727847,2.6,"[2, 4, 4, 1, 1, 3, 3, 2, 2, 4, 4, 1, 1, 3, 3, 2, 2, 4, 4, 1, 1, 0, 1, 2, 3, 0]",67.60000000000001,2113.4348390102386
case176,1,1.8031976812940145,3.302272841559507,3.3606815373254753,2.6,[-1],2.6,2673.511486053467
case177,18,1.4015954863606854,5.494190506132891,3.126738481045298,2.6,"[2, 4, 4, 1, 1, 3, 3, 2, 2, 4, 4, 1, 1, 3, 3, 3, 1, 2]",46.800000000000004,131.450590133667
case178,18,1.4931135539513491,4.022842930263992,0.7427709219056531,2.6,"[3, 3, 2, 2, 4, 4, 1, 1, 3, 3, 2, 2, 4, 4, 1, 1, 4, 3]",46.800000000000004,46.29140043258667
case179,1,1.9253070875722806,3.562666448072705,4.657374139952554,2.6,[-1],2.6,2471.501979112625
case180,27,2.535702846670997,1.6507990342618915,1.678574156267035,2.6,"[3, 3, 2, 2, 4, 4, 1, 1, 3, 3, 2, 2, 4, 4, 1, 1, 3, 3, 2, 2, 4, 4, 1, 1, 3, 3, 2]",70.2,13.495960474014282
case181,1,1.1542764266591243,2.3792460979479704,4.955157754838237,2.6,[-1],2.6,2412.2560222148895
case182,1,1.9713602929255267,2.6515310822703353,6.142915319817073,2.6,[-1],2.6,2530.454386472702
case183,1,1.2158938543208635,3.8240604065148855,1.941827348936363,2.6,[-1],2.6,2504.061691045761
case184,1,2.0861554382996466,2.249390406423721,3.586896096286335,2.6,[-1],2.6,2583.045713186264
case185,10,0.7392959359973966,1.0236166332052998,1.3678773218525015,2.6,"[3, 3, 2, 2, 4, 4, 1, 3, 2, 2]",26.0,17.990633726119995
case186,26,2.377662086193328,2.028513378410181,0.971769229739121,2.6,"[3, 3, 2, 2, 4, 4, 1, 1, 3, 3, 2, 2, 4, 4, 1, 1, 3, 3, 2, 2, 4, 4, 1, 1, 1, 3]",67.60000000000001,21.34174418449402
case187,26,2.292823493721039,6.205638842757973,0.5580726489363549,2.6,"[3, 3, 2, 2, 4, 4, 1, 1, 3, 3, 2, 2, 4, 4, 1, 1, 3, 3, 2, 2, 4, 4, 1, 1, 1, 0]",67.60000000000001,50.53621768951416
case188,10,0.5785882720654602,1.0737599112839353,5.766988087012865,2.6,"[1, 1, 3, 3, 2, 4, 4, 2, 1, 2]",26.0,61.56707453727722
case189,10,0.7314699676350367,1.5111139593977958,0.5726918346796624,2.6,"[1, 3, 3, 2, 2, 4, 1, 3, 3, 3]",26.0,20.894653797149658
case190,26,2.0748132038245983,3.3714387253089058,6.0620117411596155,2.6,"[1, 3, 3, 2, 2, 4, 4, 1, 1, 3, 3, 2, 2, 4, 4, 1, 1, 3, 3, 2, 2, 4, 2, 1, 3, 2]",67.60000000000001,668.9943528175354
case191,18,1.2999350292916052,5.219776829905301,5.518704117939967,2.6,"[1, 1, 3, 3, 2, 2, 4, 4, 1, 1, 3, 3, 2, 4, 2, 4, 2, 0]",46.800000000000004,608.1701242923737
case192,18,1.5637747117082021,0.2294340010717021,0.8706458728778111,2.6,"[3, 3, 2, 2, 4, 4, 1, 1, 3, 3, 2, 2, 4, 4, 1, 1, 3, 1]",46.800000000000004,20.046452283859253
case193,18,1.2939398271067164,4.618410056893234,1.727295816975189,2.6,"[3, 2, 2, 4, 4, 1, 1, 3, 3, 2, 2, 4, 4, 0, 3, 2, 2, 3]",46.800000000000004,747.8188171386719
case194,18,1.3980427076135817,2.7726672156548737,3.2337595357938955,2.6,"[2, 4, 4, 1, 1, 3, 3, 2, 2, 4, 4, 1, 1, 3, 0, 2, 1, 4]",46.800000000000004,119.77756094932556
case195,1,1.668128383558665,5.2035639081891185,0.409020052990709,2.6,[-1],2.6,2609.3514969348907
case196,26,2.0702188792037375,0.7688391933158555,5.328448336588659,2.6,"[1, 1, 3, 3, 2, 2, 4, 4, 1, 1, 3, 3, 2, 2, 4, 4, 1, 1, 3, 3, 2, 4, 4, 3, 1, 0]",67.60000000000001,540.4407632350922
case197,10,0.8479841936267657,0.9494623457012643,5.822565528048292,2.6,"[1, 1, 3, 3, 2, 2, 4, 4, 1, 3]",26.0,8.579485893249512
case198,3,0.45190837877808343,4.963804204905792,5.102168250993701,2.6,"[4, 4, 1]",7.800000000000001,0.2589290142059326
case199,9,0.6816141129817098,1.9252883029506278,5.610537576545275,2.6,"[1, 1, 3, 3, 2, 4, 1, 1, 3]",23.400000000000002,26.580156326293945
case200,1,1.1617838206813715,6.199791325786259,1.5193212033720747,2.6,[-1],2.6,2701.138137102127
case201,1,1.9529769403284791,4.742542130399719,0.48567904174981424,2.6,[-1],2.6,2582.0923159122467
case202,5,0.4804438799668204,5.985871987035391,6.202189633151265,2.6,"[4, 4, 1, 1, 3]",13.0,1.5789222717285156
case203,26,2.030680606977995,1.124570698704151,4.490397015637261,2.6,"[4, 1, 1, 3, 3, 2, 2, 4, 4, 1, 1, 3, 3, 2, 2, 4, 4, 1, 1, 3, 3, 2, 4, 0, 1, 3]",67.60000000000001,1101.925973892212
case204,1,1.9249437649896592,0.6159914411210333,4.814958153414789,2.6,[-1],2.6,2469.999588251114
case205,18,1.2891711143732802,3.1859438792154147,2.7789275610358657,2.6,"[2, 2, 4, 4, 1, 1, 3, 2, 4, 4, 4, 4, 1, 3, 3, 2, 2, 1]",46.800000000000004,651.5813727378845
case206,0,0.19260424009522556,0.7134293786325436,2.1832681677341346,2.6,[],0.0,0.0017361640930175781
case207,33,2.7841207817861737,2.800582432626528,5.910267522825979,2.6,"[1, 3, 3, 2, 2, 4, 4, 1, 1, 3, 3, 2, 2, 4, 4, 1, 1, 3, 3, 2, 2, 4, 4, 1, 1, 3, 3, 2, 2, 2, 2, 4, 3]",85.8,404.9854245185852
case208,11,0.773462823079835,1.9839386166190232,1.878056333828584,2.6,"[3, 3, 2, 2, 4, 4, 1, 1, 2, 3, 4]",28.6,43.21570944786072
case209,18,1.229932417387399,2.9402233356077616,2.2759601673653527,2.6,"[2, 2, 4, 4, 1, 1, 3, 3, 2, 2, 4, 4, 1, 3, 0, 1, 3, 3]",46.800000000000004,2204.143885612488
case210,1,1.9598945164064523,4.58648720870927,3.072649088639613,2.6,[-1],2.6,2457.3382954597473
case211,18,1.2338859504298336,1.84289755252888,2.4721031036841996,2.6,"[2, 2, 4, 4, 1, 1, 3, 3, 2, 2, 4, 4, 1, 1, 2, 0, 4, 0]",46.800000000000004,2110.068650007248
case212,19,1.5178125326237342,4.887410752702048,3.3722971612781425,2.6,"[2, 2, 4, 4, 1, 1, 3, 3, 2, 4, 1, 1, 3, 1, 3, 3, 2, 2, 4]",49.4,317.6474099159241
case213,3,0.3938374051977814,4.164236310865275,4.126934633073636,2.6,"[2, 4, 4]",7.800000000000001,0.21941876411437988
case214,33,2.7143047489067897,2.301654920453689,0.5349208657197568,2.6,"[3, 3, 2, 2, 4, 4, 1, 1, 3, 3, 2, 2, 4, 4, 1, 1, 3, 3, 2, 2, 4, 4, 1, 1, 3, 3, 2, 2, 2, 0, 1, 4, 0]",85.8,572.6590371131897
case215,26,2.0373166891505785,4.4818434764399555,2.4132908573001974,2.6,"[2, 2, 4, 4, 1, 1, 3, 3, 2, 2, 4, 4, 1, 1, 3, 3, 2, 2, 4, 4, 1, 3, 3, 4, 3, 0]",67.60000000000001,875.3449337482452
case216,27,2.2478164564571856,1.2169853572462919,3.4261927502924805,2.6,"[2, 2, 4, 4, 1, 1, 3, 3, 2, 2, 4, 4, 1, 1, 3, 3, 2, 2, 4, 4, 1, 1, 3, 3, 3, 3, 0]",70.2,160.58540558815002
case217,26,2.1815666911905556,4.355117924974593,3.0381758416837923,2.6,"[2, 4, 4, 1, 1, 3, 3, 2, 2, 4, 4, 1, 1, 3, 3, 2, 2, 4, 4, 1, 1, 3, 2, 2, 2, 3]",67.60000000000001,171.68858575820923
case218,11,0.7780101082414067,2.101780967176852,5.000169717075062,2.6,"[4, 4, 1, 1, 3, 3, 2, 4, 2, 1, 0]",28.6,40.24160623550415
case219,19,1.5338561366997592,1.6867247622571766,0.5253607884000924,2.6,"[1, 3, 3, 2, 2, 4, 4, 1, 1, 3, 3, 2, 2, 4, 4, 1, 3, 4, 3]",49.4,89.57035398483276
case220,1,1.9631734660317421,3.2649887382870726,3.6238388217519137,2.6,[-1],2.6,2469.4408206939697
case221,1,1.8106240585824287,2.2449401809055525,3.432752106691785,2.6,[-1],2.6,2553.2737588882446
case222,1,1.1951712468707243,1.9360506121263756,4.471980266744164,2.6,[-1],2.6,2527.5497448444366
case223,34,2.8906856046968286,3.3304056168904617,0.18513408489803207,2.6,"[1, 1, 3, 3, 2, 2, 4, 4, 1, 1, 3, 3, 2, 2, 4, 4, 1, 1, 3, 3, 2, 2, 4, 4, 1, 1, 3, 3, 2, 2, 2, 0, 4, 0]",88.4,254.28209972381592
case224,10,1.0752764888407784,0.4295338408563144,3.030395623234115,2.6,"[2, 4, 4, 1, 1, 3, 3, 2, 2, 4]",26.0,3.1482932567596436
case225,1,1.1610750450947989,3.6470111414336857,1.7995782218281398,2.6,[-1],2.6,2403.1878957748413
case226,11,0.8715818277496404,0.6663371048786437,2.934055964928721,2.6,"[2, 2, 4, 4, 1, 1, 3, 3, 3, 4, 2]",28.6,14.431952476501465
case227,1,1.9996217470453614,5.88544452746423,5.91015104687013,2.6,[-1],2.6,2630.9225046634674
case228,4,0.5076501774787402,0.16304579502139108,0.5211641584622064,2.6,"[1, 1, 3, 3]",10.4,1.1643242835998535
case229,4,0.5582955682209304,2.0576349852881686,3.915448229969575,2.6,"[2, 2, 4, 4]",10.4,0.5464382171630859
case230,18,1.6933362963802752,0.04687100639822598,4.702792434190827,2.6,"[4, 1, 1, 3, 3, 2, 2, 4, 4, 1, 1, 3, 3, 2, 2, 4, 4, 1]",46.800000000000004,8.291166305541992
case231,19,1.5817238090935644,6.079098448021965,1.7911294418081454,2.6,"[3, 3, 2, 2, 4, 4, 1, 1, 3, 2, 4, 4, 1, 4, 1, 1, 3, 3, 2]",49.4,314.66498947143555
case232,33,2.669161632478454,2.6963669788557434,2.7402160087460925,2.6,"[2, 4, 4, 1, 1, 3, 3, 2, 2, 4, 4, 1, 1, 3, 3, 2, 2, 4, 4, 1, 1, 3, 3, 2, 2, 4, 4, 4, 1, 1, 0, 1, 2]",85.8,1210.365816116333
case233,33,2.962969121053267,0.3999309555012503,4.525431080462888,2.6,"[4, 1, 1, 3, 3, 2, 2, 4, 4, 1, 1, 3, 3, 2, 2, 4, 4, 1, 1, 3, 3, 2, 2, 4, 4, 1, 1, 3, 3, 2, 2, 2, 2]",85.8,101.08317875862122
case234,19,1.4416470442271683,2.4987185328793626,1.3462891298691926,2.6,"[3, 3, 2, 2, 4, 4, 1, 1, 3, 3, 2, 2, 4, 4, 1, 0, 3, 2, 1]",49.4,407.94981145858765
case235,18,1.2680260278029523,2.100299010469007,0.9005402388301427,2.6,"[3, 3, 2, 2, 4, 4, 1, 1, 3, 3, 2, 2, 4, 2, 0, 1, 2, 2]",46.800000000000004,1591.8762311935425
case236,1,1.8328577088409572,4.02962018330256,3.3167017010466395,2.6,[-1],2.6,2562.7782351970673
case237,11,0.9834249350161658,3.1142619370882376,2.951230179872835,2.6,"[2, 2, 4, 4, 1, 1, 3, 3, 2, 2, 2]",28.6,6.002240180969238
case238,26,2.4974861134314943,4.554875190243995,3.7455608976616968,2.6,"[4, 4, 1, 1, 3, 3, 2, 2, 4, 4, 1, 1, 3, 3, 2, 2, 4, 4, 1, 1, 3, 3, 2, 2, 4, 4]",67.60000000000001,13.1362464427948
case239,1,1.1127389748326908,3.5126262666476604,6.019181060274777,2.6,[-1],2.6,2440.106386899948
case240,1,1.956732609094963,4.65214428146383,3.1549486463466807,2.6,[-1],2.6,2489.037338733673
case241,33,2.702397380353349,4.542223626141061,6.078536291667164,2.6,"[1, 3, 3, 2, 2, 4, 4, 1, 1, 3, 3, 2, 2, 4, 4, 1, 1, 3, 3, 2, 2, 4, 4, 1, 1, 3, 3, 2, 2, 3, 4, 4, 4]",85.8,720.4795908927917
case242,26,2.092530669508549,0.48208564476167703,0.6148297322322156,2.6,"[3, 3, 2, 2, 4, 4, 1, 1, 3, 3, 2, 2, 4, 4, 1, 1, 3, 3, 2, 2, 4, 1, 4, 3, 0, 2]",67.60000000000001,436.04786944389343
case243,18,1.5594147518940722,4.340297722446296,5.89889335065471,2.6,"[1, 1, 3, 3, 2, 2, 4, 1, 3, 3, 3, 3, 2, 2, 4, 4, 1, 3]",46.800000000000004,76.01311659812927
case244,1,1.9177995189115271,0.9115900758516292,2.103775042796698,2.6,[-1],2.6,2385.813291788101
case245,11,0.8553209193321258,1.5925316850412314,0.36658077283155777,2.6,"[1, 1, 3, 3, 2, 2, 4, 4, 1, 3, 2]",28.6,16.111504554748535
case246,26,2.4003679533435855,0.622264862627661,4.200450480224732,2.6,"[4, 4, 1, 1, 3, 3, 2, 2, 4, 4, 1, 1, 3, 3, 2, 2, 4, 4, 1, 1, 3, 3, 2, 2, 2, 4]",67.60000000000001,19.604231119155884
case247,33,2.946286600330772,3.585482803711683,3.1075465916711624,2.6,"[2, 2, 4, 4, 1, 1, 3, 3, 2, 2, 4, 4, 1, 1, 3, 3, 2, 2, 4, 4, 1, 1, 3, 3, 2, 2, 4, 4, 1, 1, 1, 3, 3]",85.8,82.23819208145142
case248,1,1.6763371273708672,2.9316227088269406,4.138955852864555,2.6,[-1],2.6,2512.3433167934418
case249,26,2.5849389939822975,2.096403480451038,4.568818994617991,2.6,"[4, 1, 1, 3, 3, 2, 2, 4, 4, 1, 1, 3, 3, 2, 2, 4, 4, 1, 1, 3, 3, 2, 2, 4, 4, 1]",67.60000000000001,13.093623876571655
case250,2,0.31452305545993453,0.26550106643264454,2.3859580752326703,2.6,"[2, 2]",5.2,0.04839730262756348
case251,10,1.0928849172400394,2.477339336889972,4.666187308378987,2.6,"[4, 1, 1, 3, 3, 2, 2, 4, 4, 1]",26.0,2.9912261962890625
case252,18,1.4994769923985407,1.84481630589963,0.9137636308195061,2.6,"[3, 3, 2, 2, 4, 4, 1, 1, 3, 3, 2, 2, 4, 4, 1, 1, 0, 0]",46.800000000000004,31.5459885597229
case253,26,2.40983452834368,2.6669474344894875,1.2356272631386902,2.6,"[3, 2, 2, 4, 4, 1, 1, 3, 3, 2, 2, 4, 4, 1, 1, 3, 3, 2, 2, 4, 4, 1, 1, 3, 3, 2]",67.60000000000001,18.468820571899414
case254,27,2.4808803059242726,0.7422807301829634,1.7355547938599554,2.6,"[3, 3, 2, 2, 4, 4, 1, 1, 3, 3, 2, 2, 4, 4, 1, 1, 3, 3, 2, 2, 4, 4, 1, 1, 3, 3, 3]",70.2,17.529114484786987
case255,26,2.1256379188435064,3.5488103408549074,5.664026243434839,2.6,"[1, 1, 3, 3, 2, 2, 4, 4, 1, 1, 3, 3, 2, 2, 4, 4, 1, 1, 3, 3, 2, 2, 0, 4, 0, 4]",67.60000000000001,286.4805669784546
case256,26,2.4185418252586612,0.5582840778988121,5.50123253732082,2.6,"[1, 1, 3, 3, 2, 2, 4, 4, 1, 1, 3, 3, 2, 2, 4, 4, 1, 1, 3, 3, 2, 2, 4, 4, 1, 1]",67.60000000000001,15.74073052406311
case257,33,2.852007713553479,2.689634770333126,2.8386409433203688,2.6,"[2, 4, 4, 1, 1, 3, 3, 2, 2, 4, 4, 1, 1, 3, 3, 2, 2, 4, 4, 1, 1, 3, 3, 2, 2, 4, 4, 1, 1, 1, 3, 0, 0]",85.8,181.1672067642212
case258,11,0.7881120313991846,6.12318248204735,1.3897218567584064,2.6,"[3, 3, 2, 2, 4, 4, 1, 1, 0, 1, 3]",28.6,37.031020641326904
case259,1,1.8264482101080741,3.9435171068722235,4.956431150941303,2.6,[-1],2.6,2545.953248023987
case260,19,1.3846664590210442,2.2191738542923867,0.4195535632123537,2.6,"[1, 1, 3, 3, 2, 2, 4, 4, 1, 3, 2, 2, 4, 2, 4, 4, 1, 3, 3]",49.4,1962.3054292201996
case261,18,1.2577189093530665,4.942701517468988,1.6506698758142386,2.6,"[3, 2, 2, 4, 4, 1, 1, 3, 3, 2, 2, 4, 4, 0, 0, 1, 4, 2]",46.800000000000004,897.2516374588013
case262,11,0.626276047622161,5.984207161374068,0.37761052068606155,2.6,"[1, 1, 3, 3, 2, 2, 4, 0, 0, 0, 2]",28.6,319.4679653644562
case263,11,0.7715039324353351,6.120644432183101,0.4577260817899717,2.6,"[1, 1, 3, 3, 2, 2, 4, 1, 3, 1, 0]",28.6,41.02961707115173
case264,1,1.7002888386715078,2.5952548177667496,0.2174671203808085,2.6,[-1],2.6,2499.7506623268127
case265,1,1.9647748463984376,1.447330645410422,0.07339039982795974,2.6,[-1],2.6,2697.410913705826
case266,1,1.9230565222107097,4.444099914713932,2.629668445909161,2.6,[-1],2.6,2405.9089794158936
case267,11,1.0009651448247332,2.3955843457513812,5.959162840826543,2.6,"[1, 1, 3, 3, 2, 2, 4, 4, 4, 4, 1]",28.6,27.989097595214844
case268,26,2.342348276500529,2.259945699958734,5.595298809802165,2.6,"[1, 1, 3, 3, 2, 2, 4, 4, 1, 1, 3, 3, 2, 2, 4, 4, 1, 1, 3, 3, 2, 2, 4, 4, 0, 1]",67.60000000000001,26.815126180648804
case269,33,2.7812744554150157,4.21054426990539,5.2563600574200215,2.6,"[1, 1, 3, 3, 2, 2, 4, 4, 1, 1, 3, 3, 2, 2, 4, 4, 1, 1, 3, 3, 2, 2, 4, 4, 1, 1, 3, 3, 2, 2, 2, 2, 0]",85.8,257.90554118156433
case270,19,1.3975817940242838,4.23287998542619,5.277797730970175,2.6,"[4, 1, 1, 3, 3, 2, 2, 4, 4, 1, 1, 3, 3, 2, 4, 4, 2, 1, 2]",49.4,631.6593539714813
case271,1,1.9635343603948496,3.3647706765575958,5.532070894335733,2.6,[-1],2.6,2631.1816585063934
case272,26,2.464287251381718,2.1355103267778723,1.4084295991911664,2.6,"[3, 2, 2, 4, 4, 1, 1, 3, 3, 2, 2, 4, 4, 1, 1, 3, 3, 2, 2, 4, 4, 1, 1, 3, 3, 2]",67.60000000000001,13.935356140136719
case273,3,0.313515530549585,5.762691560299164,1.5377008901534515,2.6,"[3, 3, 2]",7.800000000000001,0.7078485488891602
case274,18,1.4968743551256878,5.15720437485623,1.0383659782112669,2.6,"[3, 3, 2, 2, 4, 4, 1, 3, 2, 2, 2, 2, 4, 4, 1, 1, 3, 3]",46.800000000000004,70.81911277770996
case275,1,1.7525489340462093,2.9799006736841247,1.1509059016381005,2.6,[-1],2.6,2628.9662215709686
case276,33,2.7969070379811556,3.7487654301099305,0.7966698216489131,2.6,"[3, 3, 2, 2, 4, 4, 1, 1, 3, 3, 2, 2, 4, 4, 1, 1, 3, 3, 2, 2, 4, 4, 1, 1, 3, 3, 2, 2, 4, 4, 0, 4, 1]",85.8,301.92300295829773
case277,18,1.3517569565411032,5.413116006057473,5.745897502487898,2.6,"[1, 1, 3, 3, 2, 2, 4, 4, 1, 1, 3, 3, 2, 4, 4, 0, 3, 3]",46.800000000000004,394.9815728664398
case278,26,2.159301895755597,2.8800403525383573,5.741987195372761,2.6,"[1, 1, 3, 3, 2, 2, 4, 4, 1, 1, 3, 3, 2, 2, 4, 4, 1, 1, 3, 3, 2, 2, 4, 0, 4, 4]",67.60000000000001,208.44304537773132
case279,18,1.3571769973020935,4.382623299638259,2.6638783045519014,2.6,"[2, 2, 4, 4, 1, 1, 3, 2, 4, 4, 4, 4, 1, 1, 3, 3, 4, 2]",46.800000000000004,220.9592888355255
case280,26,2.2267840363931573,4.515528887590159,2.2582035718217988,2.6,"[2, 2, 4, 4, 1, 1, 3, 3, 2, 2, 4, 4, 1, 1, 3, 3, 2, 2, 4, 4, 1, 1, 3, 0, 3, 4]",67.60000000000001,78.66573071479797
case281,1,1.7622648780119807,2.3363963907431993,4.177210190625025,2.6,[-1],2.6,2403.3845689296722
case282,27,2.215405336904716,2.7140212219504765,3.350603135469458,2.6,"[2, 2, 4, 4, 1, 1, 3, 3, 2, 2, 4, 4, 1, 1, 3, 3, 2, 2, 4, 4, 1, 1, 3, 3, 4, 3, 2]",70.2,368.77281665802
case283,1,2.008757316647564,1.3974933383270993,4.300579941003979,2.6,[-1],2.6,2531.4947435855865
case284,26,2.2424690532955243,5.481892670884185,2.0929819190276535,2.6,"[2, 2, 4, 4, 1, 1, 3, 3, 2, 2, 4, 4, 1, 1, 3, 3, 2, 2, 4, 4, 1, 1, 3, 2, 2, 3]",67.60000000000001,85.00360321998596
